LocalTime, GPSTime, ESSID, BSSID, Power, Security, Latitude, Longitude, Latitude Error, Longitude Error, Type
2026-07-13 07:08:21,1900-01-00 00:00:00,,A4:CF:D2:6F:E3:98,-44, ,0.000000,0.000000,0.000,0.000,AP
2026-07-13 07:08:21,1900-01-00 00:00:00,MyAltice 6fe395,A4:CF:D2:6F:E3:98,-44, WPA2 ,0.000000,0.000000,0.000,0.000,AP
2026-07-13 07:08:21,1900-01-00 00:00:00,MyAltice 6fe395,A4:CF:D2:6F:E3:98,-44, WPA2 ,0.000000,0.000000,0.000,0.000,AP
2026-07-13 07:08:23,1900-01-00 00:00:00,,3C:6A:9D:16:AE:DF,-70,,0.000000,0.000000,0.000,0.000,Client
2026-07-13 07:08:23,1900-01-00 00:00:00,,04:42:1A:42:E0:B0,-66, ,0.000000,0.000000,0.000,0.000,AP
2026-07-13 07:08:23,1900-01-00 00:00:00,,D0:73:D5:76:8E:E1,-60,,0.000000,0.000000,0.000,0.000,Client
2026-07-13 07:08:23,1900-01-00 00:00:00,,04:42:1A:42:E0:B0,-68, ,0.000000,0.000000,0.000,0.000,AP
2026-07-13 07:08:23,1900-01-00 00:00:00,,D0:73:D5:77:0C:83,-64,,0.000000,0.000000,0.000,0.000,Client
2026-07-13 07:08:23,1900-01-00 00:00:00,,D0:73:D5:76:8E:D2,-64,,0.000000,0.000000,0.000,0.000,Client
2026-07-13 07:08:23,1900-01-00 00:00:00,,08:3A:8D:E3:7E:2C,-74,,0.000000,0.000000,0.000,0.000,Client
2026-07-13 07:08:23,1900-01-00 00:00:00,,04:42:1A:42:E0:B0,-66, ,0.000000,0.000000,0.000,0.000,AP
2026-07-13 07:08:23,1900-01-00 00:00:00,,04:42:1A:42:E0:B0,-64, WPA ,0.000000,0.000000,0.000,0.000,AP
2026-07-13 07:08:23,1900-01-00 00:00:00,,04:42:1A:42:E0:B0,-64, WPA ,0.000000,0.000000,0.000,0.000,AP
2026-07-13 07:08:23,1900-01-00 00:00:00,,1E:BF:C0:FA:21:4A,-70, ,0.000000,0.000000,0.000,0.000,AP
2026-07-13 07:08:23,1900-01-00 00:00:00,,58:FC:20:DE:B1:00,-46, ,0.000000,0.000000,0.000,0.000,AP
2026-07-13 07:08:23,1900-01-00 00:00:00,,CC:19:A8:E5:93:50,-62, ,0.000000,0.000000,0.000,0.000,AP
2026-07-13 07:08:23,1900-01-00 00:00:00,,1C:BF:C0:FA:20:49,-72, ,0.000000,0.000000,0.000,0.000,AP
2026-07-13 07:08:23,1900-01-00 00:00:00,,58:FC:20:0C:86:40,-74, ,0.000000,0.000000,0.000,0.000,AP
2026-07-13 07:08:23,1900-01-00 00:00:00,,A4:CF:D2:3D:84:0C,-72, ,0.000000,0.000000,0.000,0.000,AP
2026-07-13 07:08:23,1900-01-00 00:00:00,MyAltice DEB0FF,58:FC:20:DE:B1:00,-46, WPA2 ,0.000000,0.000000,0.000,0.000,AP
2026-07-13 07:08:23,1900-01-00 00:00:00,MyAltice E5934F,CC:19:A8:E5:93:50,-60, WPA2 ,0.000000,0.000000,0.000,0.000,AP
2026-07-13 07:08:24,1900-01-00 00:00:00,,B0:B3:69:89:FC:D0,-64, ,0.000000,0.000000,0.000,0.000,AP
2026-07-13 07:08:24,1900-01-00 00:00:00,,C0:36:53:0C:71:C4,-60,,0.000000,0.000000,0.000,0.000,Client
2026-07-13 07:08:24,1900-01-00 00:00:00,,AC:EC:85:9D:8F:72,-56,,0.000000,0.000000,0.000,0.000,Client
2026-07-13 07:08:24,1900-01-00 00:00:00,,AC:EC:85:9E:1D:72,-60,,0.000000,0.000000,0.000,0.000,Client
2026-07-13 07:08:24,1900-01-00 00:00:00,,AC:EC:85:9E:1D:72,-54, ,0.000000,0.000000,0.000,0.000,AP
2026-07-13 07:08:24,1900-01-00 00:00:00,,AC:EC:85:9E:1D:76,-58, ,0.000000,0.000000,0.000,0.000,AP
2026-07-13 07:08:24,1900-01-00 00:00:00,,AC:EC:85:9E:1D:74,-60, ,0.000000,0.000000,0.000,0.000,AP
2026-07-13 07:08:24,1900-01-00 00:00:00,,C0:36:53:0C:71:C4,-56, ,0.000000,0.000000,0.000,0.000,AP
2026-07-13 07:08:24,1900-01-00 00:00:00,,C0:36:53:0C:71:C8,-56, ,0.000000,0.000000,0.000,0.000,AP
2026-07-13 07:08:24,1900-01-00 00:00:00,,C0:36:53:0C:71:C6,-54, ,0.000000,0.000000,0.000,0.000,AP
2026-07-13 07:08:24,1900-01-00 00:00:00,,AC:EC:85:9D:8F:72,-58, ,0.000000,0.000000,0.000,0.000,AP
2026-07-13 07:08:24,1900-01-00 00:00:00,,AC:EC:85:9D:8F:76,-52, ,0.000000,0.000000,0.000,0.000,AP
2026-07-13 07:08:24,1900-01-00 00:00:00,,AC:EC:85:9D:8F:74,-54, ,0.000000,0.000000,0.000,0.000,AP
2026-07-13 07:08:24,1900-01-00 00:00:00,,C0:36:53:0C:71:C8,-54, OPN,0.000000,0.000000,0.000,0.000,AP
2026-07-13 07:08:24,1900-01-00 00:00:00,Faith,C0:36:53:0C:71:C6,-54, WPA2 ,0.000000,0.000000,0.000,0.000,AP
2026-07-13 07:08:24,1900-01-00 00:00:00,,AC:EC:85:9D:8F:72,-52, WPA2 ,0.000000,0.000000,0.000,0.000,AP
2026-07-13 07:08:24,1900-01-00 00:00:00,,AC:EC:85:9D:8F:76,-50, OPN,0.000000,0.000000,0.000,0.000,AP
2026-07-13 07:08:24,1900-01-00 00:00:00,Faith,AC:EC:85:9D:8F:74,-54, WPA2 ,0.000000,0.000000,0.000,0.000,AP
2026-07-13 07:08:24,1900-01-00 00:00:00,MyAltice 6fe395,A4:CF:D2:6F:E3:98,-44, WPA2 ,0.000000,0.000000,0.000,0.000,AP
2026-07-13 07:08:24,1900-01-00 00:00:00,MyAltice 6fe395,A4:CF:D2:6F:E3:98,-44, WPA2 ,0.000000,0.000000,0.000,0.000,AP
2026-07-13 07:08:24,1900-01-00 00:00:00,MyAltice 6fe395,A4:CF:D2:6F:E3:98,-48, WPA2 ,0.000000,0.000000,0.000,0.000,AP
2026-07-13 07:08:27,1900-01-00 00:00:00,,04:42:1A:42:E0:B0,-58, WPA ,0.000000,0.000000,0.000,0.000,AP
2026-07-13 07:08:27,1900-01-00 00:00:00,,D4:F5:47:64:BB:1C,-48,,0.000000,0.000000,0.000,0.000,Client
2026-07-13 07:08:27,1900-01-00 00:00:00,,3C:6A:9D:19:06:18,-70,,0.000000,0.000000,0.000,0.000,Client
2026-07-13 07:08:27,1900-01-00 00:00:00,NEWYORK NEWYORK,A4:CF:D2:3D:84:0C,-62, WPA2 ,0.000000,0.000000,0.000,0.000,AP
2026-07-13 07:08:27,1900-01-00 00:00:00,MyAltice DEB0FF,58:FC:20:DE:B1:00,-48, WPA2 ,0.000000,0.000000,0.000,0.000,AP
2026-07-13 07:08:27,1900-01-00 00:00:00,MyAltice 0C863F,58:FC:20:0C:86:40,-70, WPA2 ,0.000000,0.000000,0.000,0.000,AP
2026-07-13 07:08:27,1900-01-00 00:00:00,MyAltice DEB0FF,58:FC:20:DE:B1:00,-46, WPA2 ,0.000000,0.000000,0.000,0.000,AP
2026-07-13 07:08:27,1900-01-00 00:00:00,,1C:BF:C0:FA:20:49,-72, WPA ,0.000000,0.000000,0.000,0.000,AP
2026-07-13 07:08:27,1900-01-00 00:00:00,NEWYORK NEWYORK,A4:CF:D2:3D:84:0C,-64, WPA2 ,0.000000,0.000000,0.000,0.000,AP
2026-07-13 07:08:27,1900-01-00 00:00:00,MyOptimum 89fccf,B0:B3:69:89:FC:D0,-68, WPA2 ,0.000000,0.000000,0.000,0.000,AP
2026-07-13 07:08:27,1900-01-00 00:00:00,,C0:36:53:0C:71:C4,-60, WPA2 ,0.000000,0.000000,0.000,0.000,AP
2026-07-13 07:08:27,1900-01-00 00:00:00,,C0:36:53:0C:71:C8,-58, OPN,0.000000,0.000000,0.000,0.000,AP
2026-07-13 07:08:27,1900-01-00 00:00:00,Faith,C0:36:53:0C:71:C6,-58, WPA2 ,0.000000,0.000000,0.000,0.000,AP
2026-07-13 07:08:27,1900-01-00 00:00:00,,AC:EC:85:9D:8F:72,-52, WPA2 ,0.000000,0.000000,0.000,0.000,AP
2026-07-13 07:08:27,1900-01-00 00:00:00,,AC:EC:85:9D:8F:76,-54, OPN,0.000000,0.000000,0.000,0.000,AP
2026-07-13 07:08:27,1900-01-00 00:00:00,Faith,AC:EC:85:9D:8F:74,-52, WPA2 ,0.000000,0.000000,0.000,0.000,AP
2026-07-13 07:08:28,1900-01-00 00:00:00,,C0:36:53:0C:71:C4,-56, WPA2 ,0.000000,0.000000,0.000,0.000,AP
2026-07-13 07:08:28,1900-01-00 00:00:00,,C0:36:53:0C:71:C8,-58, OPN,0.000000,0.000000,0.000,0.000,AP
2026-07-13 07:08:28,1900-01-00 00:00:00,MyAltice 6fe395,A4:CF:D2:6F:E3:98,-44, WPA2 ,0.000000,0.000000,0.000,0.000,AP
2026-07-13 07:08:28,1900-01-00 00:00:00,MyAltice 6fe395,A4:CF:D2:6F:E3:98,-48, WPA2 ,0.000000,0.000000,0.000,0.000,AP
2026-07-13 07:08:30,1900-01-00 00:00:00,,CC:B1:48:12:FD:F9,-68, ,0.000000,0.000000,0.000,0.000,AP
2026-07-13 07:08:31,1900-01-00 00:00:00,Nena,04:42:1A:42:E0:B0,-66, WPA2 ,0.000000,0.000000,0.000,0.000,AP
2026-07-13 07:08:31,1900-01-00 00:00:00,MyAltice 0C863F,58:FC:20:0C:86:40,-72, WPA2 ,0.000000,0.000000,0.000,0.000,AP
2026-07-13 07:08:31,1900-01-00 00:00:00,MyOptimum 89fccf,B0:B3:69:89:FC:D0,-64, WPA2 ,0.000000,0.000000,0.000,0.000,AP
2026-07-13 07:08:31,1900-01-00 00:00:00,MyAltice DEB0FF,58:FC:20:DE:B1:00,-46, WPA2 ,0.000000,0.000000,0.000,0.000,AP
2026-07-13 07:08:31,1900-01-00 00:00:00,MyAltice 0C863F,58:FC:20:0C:86:40,-70, WPA2 ,0.000000,0.000000,0.000,0.000,AP
2026-07-13 07:08:31,1900-01-00 00:00:00,NEWYORK NEWYORK,A4:CF:D2:3D:84:0C,-56, WPA2 ,0.000000,0.000000,0.000,0.000,AP
2026-07-13 07:08:31,1900-01-00 00:00:00,MyOptimum 89fccf,B0:B3:69:89:FC:D0,-66, WPA2 ,0.000000,0.000000,0.000,0.000,AP
2026-07-13 07:08:31,1900-01-00 00:00:00,MyAltice E5934F,CC:19:A8:E5:93:50,-62, WPA2 ,0.000000,0.000000,0.000,0.000,AP
2026-07-13 07:08:31,1900-01-00 00:00:00,NEWYORK NEWYORK,A4:CF:D2:3D:84:0C,-60, WPA2 ,0.000000,0.000000,0.000,0.000,AP
2026-07-13 07:08:31,1900-01-00 00:00:00,MyAltice fa2046_guest,1E:BF:C0:FA:21:4A,-70, WPA2 ,0.000000,0.000000,0.000,0.000,AP
2026-07-13 07:08:31,1900-01-00 00:00:00,MyAltice fa2046,1C:BF:C0:FA:20:49,-70, WPA2 ,0.000000,0.000000,0.000,0.000,AP
2026-07-13 07:08:31,1900-01-00 00:00:00,,AC:EC:85:9D:8F:72,-52, WPA2 ,0.000000,0.000000,0.000,0.000,AP
2026-07-13 07:08:31,1900-01-00 00:00:00,,AC:EC:85:9D:8F:76,-52, OPN,0.000000,0.000000,0.000,0.000,AP
2026-07-13 07:08:31,1900-01-00 00:00:00,Faith,AC:EC:85:9D:8F:74,-50, WPA2 ,0.000000,0.000000,0.000,0.000,AP
2026-07-13 07:08:31,1900-01-00 00:00:00,,AC:EC:85:9D:8F:76,-52, OPN,0.000000,0.000000,0.000,0.000,AP
2026-07-13 07:08:31,1900-01-00 00:00:00,Faith,AC:EC:85:9D:8F:74,-52, WPA2 ,0.000000,0.000000,0.000,0.000,AP
2026-07-13 07:08:32,1900-01-00 00:00:00,MyAltice 6fe395,A4:CF:D2:6F:E3:98,-44, WPA2 ,0.000000,0.000000,0.000,0.000,AP
2026-07-13 07:08:32,1900-01-00 00:00:00,MyAltice 6fe395,A4:CF:D2:6F:E3:98,-46, WPA2 ,0.000000,0.000000,0.000,0.000,AP
2026-07-13 07:08:32,1900-01-00 00:00:00,,24:41:FE:D8:2A:B7,-72, ,0.000000,0.000000,0.000,0.000,AP
2026-07-13 07:08:32,1900-01-00 00:00:00,Verizon_SJW4J7,24:41:FE:D8:2A:B7,-74, WPA2 ,0.000000,0.000000,0.000,0.000,AP
2026-07-13 07:08:32,1900-01-00 00:00:00,MyAltice 6fe395,A4:CF:D2:6F:E3:98,-44, WPA2 ,0.000000,0.000000,0.000,0.000,AP
2026-07-13 07:08:32,1900-01-00 00:00:00,,5C:7B:5C:C9:53:50,-74, ,0.000000,0.000000,0.000,0.000,AP
2026-07-13 07:08:32,1900-01-00 00:00:00,MyAltice 6fe395,A4:CF:D2:6F:E3:98,-44, WPA2 ,0.000000,0.000000,0.000,0.000,AP
2026-07-13 07:08:32,1900-01-00 00:00:00,MyAltice 6fe395,A4:CF:D2:6F:E3:98,-48, WPA2 ,0.000000,0.000000,0.000,0.000,AP
2026-07-13 07:08:32,1900-01-00 00:00:00,MyAltice 6fe395,A4:CF:D2:6F:E3:98,-48, WPA2 ,0.000000,0.000000,0.000,0.000,AP
2026-07-13 07:08:32,1900-01-00 00:00:00,Verizon_SJW4J7,24:41:FE:D8:2A:B7,-74, WPA2 ,0.000000,0.000000,0.000,0.000,AP
2026-07-13 07:08:34,1900-01-00 00:00:00,,CE:B1:48:22:FD:F9,-68, ,0.000000,0.000000,0.000,0.000,AP
2026-07-13 07:08:34,1900-01-00 00:00:00,,08:3A:8D:E3:7E:2C,-72,,0.000000,0.000000,0.000,0.000,Client
2026-07-13 07:08:34,1900-01-00 00:00:00,,3C:6A:9D:16:AE:DF,-64,,0.000000,0.000000,0.000,0.000,Client
2026-07-13 07:08:34,1900-01-00 00:00:00,,D4:F5:47:64:BB:1C,-48,,0.000000,0.000000,0.000,0.000,Client
2026-07-13 07:08:34,1900-01-00 00:00:00,,D4:F5:47:64:BB:1C,-48,,0.000000,0.000000,0.000,0.000,Client
2026-07-13 07:08:34,1900-01-00 00:00:00,,08:3A:8D:E3:7E:2C,-70,,0.000000,0.000000,0.000,0.000,Client
2026-07-13 07:08:35,1900-01-00 00:00:00,,08:3A:8D:E3:7E:2C,-72,,0.000000,0.000000,0.000,0.000,Client
2026-07-13 07:08:35,1900-01-00 00:00:00,Nena,04:42:1A:42:E0:B0,-70, WPA2 ,0.000000,0.000000,0.000,0.000,AP
2026-07-13 07:08:35,1900-01-00 00:00:00,,D0:73:D5:77:0C:83,-62,,0.000000,0.000000,0.000,0.000,Client
2026-07-13 07:08:35,1900-01-00 00:00:00,MyAltice DEB0FF,58:FC:20:DE:B1:00,-44, WPA2 ,0.000000,0.000000,0.000,0.000,AP
2026-07-13 07:08:35,1900-01-00 00:00:00,MyAltice E5934F,CC:19:A8:E5:93:50,-64, WPA2 ,0.000000,0.000000,0.000,0.000,AP
2026-07-13 07:08:35,1900-01-00 00:00:00,MyOptimum 89fccf,B0:B3:69:89:FC:D0,-64, WPA2 ,0.000000,0.000000,0.000,0.000,AP
2026-07-13 07:08:35,1900-01-00 00:00:00,MyAltice DEB0FF,58:FC:20:DE:B1:00,-46, WPA2 ,0.000000,0.000000,0.000,0.000,AP
2026-07-13 07:08:35,1900-01-00 00:00:00,MyAltice E5934F,CC:19:A8:E5:93:50,-64, WPA2 ,0.000000,0.000000,0.000,0.000,AP
2026-07-13 07:08:35,1900-01-00 00:00:00,MyOptimum 89fccf,B0:B3:69:89:FC:D0,-64, WPA2 ,0.000000,0.000000,0.000,0.000,AP
2026-07-13 07:08:35,1900-01-00 00:00:00,MyAltice DEB0FF,58:FC:20:DE:B1:00,-46, WPA2 ,0.000000,0.000000,0.000,0.000,AP
2026-07-13 07:08:35,1900-01-00 00:00:00,MyAltice E5934F,CC:19:A8:E5:93:50,-62, WPA2 ,0.000000,0.000000,0.000,0.000,AP
2026-07-13 07:08:35,1900-01-00 00:00:00,,AC:EC:85:9E:1D:72,-58, WPA2 ,0.000000,0.000000,0.000,0.000,AP
2026-07-13 07:08:35,1900-01-00 00:00:00,,AC:EC:85:9E:1D:76,-54, OPN,0.000000,0.000000,0.000,0.000,AP
2026-07-13 07:08:35,1900-01-00 00:00:00,Faith,AC:EC:85:9E:1D:74,-54, WPA2 ,0.000000,0.000000,0.000,0.000,AP
2026-07-13 07:08:35,1900-01-00 00:00:00,,C0:36:53:0C:71:C4,-54, WPA2 ,0.000000,0.000000,0.000,0.000,AP
2026-07-13 07:08:35,1900-01-00 00:00:00,,AC:EC:85:9D:8F:72,-52, WPA2 ,0.000000,0.000000,0.000,0.000,AP
2026-07-13 07:08:35,1900-01-00 00:00:00,,AC:EC:85:9D:8F:76,-52, OPN,0.000000,0.000000,0.000,0.000,AP
2026-07-13 07:08:35,1900-01-00 00:00:00,Faith,AC:EC:85:9D:8F:74,-50, WPA2 ,0.000000,0.000000,0.000,0.000,AP
2026-07-13 07:08:35,1900-01-00 00:00:00,,AC:EC:85:9E:1D:76,-52, OPN,0.000000,0.000000,0.000,0.000,AP
2026-07-13 07:08:35,1900-01-00 00:00:00,Faith,AC:EC:85:9E:1D:74,-52, WPA2 ,0.000000,0.000000,0.000,0.000,AP
2026-07-13 07:08:35,1900-01-00 00:00:00,,C0:36:53:0C:71:C8,-54, OPN,0.000000,0.000000,0.000,0.000,AP
2026-07-13 07:08:35,1900-01-00 00:00:00,Faith,C0:36:53:0C:71:C6,-54, WPA2 ,0.000000,0.000000,0.000,0.000,AP
2026-07-13 07:08:35,1900-01-00 00:00:00,,AC:EC:85:9D:8F:72,-50, WPA2 ,0.000000,0.000000,0.000,0.000,AP
2026-07-13 07:08:35,1900-01-00 00:00:00,,AC:EC:85:9D:8F:76,-50, OPN,0.000000,0.000000,0.000,0.000,AP
2026-07-13 07:08:35,1900-01-00 00:00:00,,AC:EC:85:9E:1D:72,-54, WPA2 ,0.000000,0.000000,0.000,0.000,AP
2026-07-13 07:08:35,1900-01-00 00:00:00,,AC:EC:85:9E:1D:76,-56, OPN,0.000000,0.000000,0.000,0.000,AP
2026-07-13 07:08:35,1900-01-00 00:00:00,Faith,AC:EC:85:9E:1D:74,-58, WPA2 ,0.000000,0.000000,0.000,0.000,AP
2026-07-13 07:08:35,1900-01-00 00:00:00,,C0:36:53:0C:71:C4,-56, WPA2 ,0.000000,0.000000,0.000,0.000,AP
2026-07-13 07:08:35,1900-01-00 00:00:00,,C0:36:53:0C:71:C8,-58, OPN,0.000000,0.000000,0.000,0.000,AP
2026-07-13 07:08:35,1900-01-00 00:00:00,Faith,C0:36:53:0C:71:C6,-58, WPA2 ,0.000000,0.000000,0.000,0.000,AP
2026-07-13 07:08:35,1900-01-00 00:00:00,,AC:EC:85:9D:8F:72,-48, WPA2 ,0.000000,0.000000,0.000,0.000,AP
2026-07-13 07:08:35,1900-01-00 00:00:00,,AC:EC:85:9D:8F:76,-48, OPN,0.000000,0.000000,0.000,0.000,AP
2026-07-13 07:08:35,1900-01-00 00:00:00,Faith,AC:EC:85:9D:8F:74,-46, WPA2 ,0.000000,0.000000,0.000,0.000,AP
2026-07-13 07:08:35,1900-01-00 00:00:00,MyAltice 6fe395,A4:CF:D2:6F:E3:98,-46, WPA2 ,0.000000,0.000000,0.000,0.000,AP
2026-07-13 07:08:35,1900-01-00 00:00:00,MyAltice 6fe395,A4:CF:D2:6F:E3:98,-46, WPA2 ,0.000000,0.000000,0.000,0.000,AP
2026-07-13 07:08:36,1900-01-00 00:00:00,MyOptimum c9534f,5C:7B:5C:C9:53:50,-72, WPA2 ,0.000000,0.000000,0.000,0.000,AP
2026-07-13 07:08:36,1900-01-00 00:00:00,MyAltice 6fe395,A4:CF:D2:6F:E3:98,-40, WPA2 ,0.000000,0.000000,0.000,0.000,AP
2026-07-13 07:08:36,1900-01-00 00:00:00,MyAltice 6fe395,A4:CF:D2:6F:E3:98,-46, WPA2 ,0.000000,0.000000,0.000,0.000,AP
2026-07-13 07:08:36,1900-01-00 00:00:00,MyOptimum c9534f,5C:7B:5C:C9:53:50,-76, WPA2 ,0.000000,0.000000,0.000,0.000,AP
2026-07-13 07:08:36,1900-01-00 00:00:00,,94:4E:5B:79:C1:11,-72, ,0.000000,0.000000,0.000,0.000,AP
2026-07-13 07:08:36,1900-01-00 00:00:00,MyAltice 6fe395,A4:CF:D2:6F:E3:98,-44, WPA2 ,0.000000,0.000000,0.000,0.000,AP
2026-07-13 07:08:38,1900-01-00 00:00:00,TMOBILE-4B42,CC:B1:48:12:FD:F9,-68, WPA2 ,0.000000,0.000000,0.000,0.000,AP
2026-07-13 07:08:38,1900-01-00 00:00:00,ismael24,CE:B1:48:22:FD:F9,-70, WPA2 ,0.000000,0.000000,0.000,0.000,AP
2026-07-13 07:08:38,1900-01-00 00:00:00,MyAltice DEB0FF,58:FC:20:DE:B1:00,-46, WPA2 ,0.000000,0.000000,0.000,0.000,AP
2026-07-13 07:08:38,1900-01-00 00:00:00,MyAltice fa2046,1C:BF:C0:FA:20:49,-74, WPA2 ,0.000000,0.000000,0.000,0.000,AP
2026-07-13 07:08:38,1900-01-00 00:00:00,NEWYORK NEWYORK,A4:CF:D2:3D:84:0C,-56, WPA2 ,0.000000,0.000000,0.000,0.000,AP
2026-07-13 07:08:38,1900-01-00 00:00:00,,0C:B9:37:B5:17:D2,-72, ,0.000000,0.000000,0.000,0.000,AP
2026-07-13 07:08:38,1900-01-00 00:00:00,MyAltice DEB0FF,58:FC:20:DE:B1:00,-48, WPA2 ,0.000000,0.000000,0.000,0.000,AP
2026-07-13 07:08:38,1900-01-00 00:00:00,MyAltice E5934F,CC:19:A8:E5:93:50,-66, WPA2 ,0.000000,0.000000,0.000,0.000,AP
2026-07-13 07:08:38,1900-01-00 00:00:00,MyAltice fa2046,1C:BF:C0:FA:20:49,-76, WPA2 ,0.000000,0.000000,0.000,0.000,AP
2026-07-13 07:08:39,1900-01-00 00:00:00,MyAltice DEB0FF,58:FC:20:DE:B1:00,-48, WPA2 ,0.000000,0.000000,0.000,0.000,AP
2026-07-13 07:08:39,1900-01-00 00:00:00,MyAltice E5934F,CC:19:A8:E5:93:50,-64, WPA2 ,0.000000,0.000000,0.000,0.000,AP
2026-07-13 07:08:39,1900-01-00 00:00:00,,AC:EC:85:9E:1D:76,-54, OPN,0.000000,0.000000,0.000,0.000,AP
2026-07-13 07:08:39,1900-01-00 00:00:00,,C0:36:53:0C:71:C4,-58, WPA2 ,0.000000,0.000000,0.000,0.000,AP
2026-07-13 07:08:39,1900-01-00 00:00:00,,C0:36:53:0C:71:C8,-54, OPN,0.000000,0.000000,0.000,0.000,AP
2026-07-13 07:08:39,1900-01-00 00:00:00,Faith,C0:36:53:0C:71:C6,-54, WPA2 ,0.000000,0.000000,0.000,0.000,AP
2026-07-13 07:08:39,1900-01-00 00:00:00,,AC:EC:85:9D:8F:72,-50, WPA2 ,0.000000,0.000000,0.000,0.000,AP
2026-07-13 07:08:39,1900-01-00 00:00:00,,AC:EC:85:9D:8F:76,-52, OPN,0.000000,0.000000,0.000,0.000,AP
2026-07-13 07:08:39,1900-01-00 00:00:00,Faith,AC:EC:85:9D:8F:74,-52, WPA2 ,0.000000,0.000000,0.000,0.000,AP
2026-07-13 07:08:39,1900-01-00 00:00:00,,AC:EC:85:9D:8F:72,-48, WPA2 ,0.000000,0.000000,0.000,0.000,AP
2026-07-13 07:08:39,1900-01-00 00:00:00,,AC:EC:85:9D:8F:76,-48, OPN,0.000000,0.000000,0.000,0.000,AP
2026-07-13 07:08:39,1900-01-00 00:00:00,Faith,AC:EC:85:9D:8F:74,-50, WPA2 ,0.000000,0.000000,0.000,0.000,AP
2026-07-13 07:08:39,1900-01-00 00:00:00,,AC:EC:85:9E:1D:72,-56, WPA2 ,0.000000,0.000000,0.000,0.000,AP
2026-07-13 07:08:39,1900-01-00 00:00:00,,AC:EC:85:9E:1D:76,-52, OPN,0.000000,0.000000,0.000,0.000,AP
2026-07-13 07:08:39,1900-01-00 00:00:00,Faith,AC:EC:85:9E:1D:74,-52, WPA2 ,0.000000,0.000000,0.000,0.000,AP
2026-07-13 07:08:39,1900-01-00 00:00:00,,C0:36:53:0C:71:C4,-50, WPA2 ,0.000000,0.000000,0.000,0.000,AP
2026-07-13 07:08:39,1900-01-00 00:00:00,,C0:36:53:0C:71:C8,-52, OPN,0.000000,0.000000,0.000,0.000,AP
2026-07-13 07:08:39,1900-01-00 00:00:00,Faith,C0:36:53:0C:71:C6,-54, WPA2 ,0.000000,0.000000,0.000,0.000,AP
2026-07-13 07:08:39,1900-01-00 00:00:00,,AC:EC:85:9D:8F:72,-50, WPA2 ,0.000000,0.000000,0.000,0.000,AP
2026-07-13 07:08:39,1900-01-00 00:00:00,,AC:EC:85:9D:8F:76,-48, OPN,0.000000,0.000000,0.000,0.000,AP
2026-07-13 07:08:39,1900-01-00 00:00:00,MyAltice 6fe395,A4:CF:D2:6F:E3:98,-46, WPA2 ,0.000000,0.000000,0.000,0.000,AP
2026-07-13 07:08:39,1900-01-00 00:00:00,MyAltice 6fe395,A4:CF:D2:6F:E3:98,-48, WPA2 ,0.000000,0.000000,0.000,0.000,AP
2026-07-13 07:08:39,1900-01-00 00:00:00,MyOptimum c9534f,5C:7B:5C:C9:53:50,-70, WPA2 ,0.000000,0.000000,0.000,0.000,AP
2026-07-13 07:08:42,1900-01-00 00:00:00,ismael24,CE:B1:48:22:FD:F9,-68, WPA2 ,0.000000,0.000000,0.000,0.000,AP
2026-07-13 07:08:42,1900-01-00 00:00:00,,D0:73:D5:77:08:42,-62,,0.000000,0.000000,0.000,0.000,Client
2026-07-13 07:08:42,1900-01-00 00:00:00,,D0:73:D5:76:85:32,-68,,0.000000,0.000000,0.000,0.000,Client
2026-07-13 07:08:42,1900-01-00 00:00:00,Nena,04:42:1A:42:E0:B0,-66, WPA2 ,0.000000,0.000000,0.000,0.000,AP
2026-07-13 07:08:42,1900-01-00 00:00:00,Nena,04:42:1A:42:E0:B0,-66, WPA2 ,0.000000,0.000000,0.000,0.000,AP
2026-07-13 07:08:42,1900-01-00 00:00:00,,D0:73:D5:77:08:42,-62,,0.000000,0.000000,0.000,0.000,Client
2026-07-13 07:08:42,1900-01-00 00:00:00,,D0:73:D5:76:85:32,-68,,0.000000,0.000000,0.000,0.000,Client
2026-07-13 07:08:42,1900-01-00 00:00:00,,D0:73:D5:77:08:42,-64,,0.000000,0.000000,0.000,0.000,Client
2026-07-13 07:08:42,1900-01-00 00:00:00,,D0:73:D5:76:8E:E1,-62,,0.000000,0.000000,0.000,0.000,Client
2026-07-13 07:08:42,1900-01-00 00:00:00,MyOptimum 89fccf,B0:B3:69:89:FC:D0,-64, WPA2 ,0.000000,0.000000,0.000,0.000,AP
2026-07-13 07:08:42,1900-01-00 00:00:00,MyAltice DEB0FF,58:FC:20:DE:B1:00,-46, WPA2 ,0.000000,0.000000,0.000,0.000,AP
2026-07-13 07:08:42,1900-01-00 00:00:00,MyAltice E5934F,CC:19:A8:E5:93:50,-62, WPA2 ,0.000000,0.000000,0.000,0.000,AP
2026-07-13 07:08:42,1900-01-00 00:00:00,NEWYORK NEWYORK,A4:CF:D2:3D:84:0C,-64, WPA2 ,0.000000,0.000000,0.000,0.000,AP
2026-07-13 07:08:42,1900-01-00 00:00:00,NEWYORK NEWYORK,A4:CF:D2:3D:84:0C,-62, WPA2 ,0.000000,0.000000,0.000,0.000,AP
2026-07-13 07:08:42,1900-01-00 00:00:00,NEWYORK NEWYORK,A4:CF:D2:3D:84:0C,-60, WPA2 ,0.000000,0.000000,0.000,0.000,AP
2026-07-13 07:08:42,1900-01-00 00:00:00,MyAltice DEB0FF,58:FC:20:DE:B1:00,-46, WPA2 ,0.000000,0.000000,0.000,0.000,AP
2026-07-13 07:08:42,1900-01-00 00:00:00,NEWYORK NEWYORK,A4:CF:D2:3D:84:0C,-54, WPA2 ,0.000000,0.000000,0.000,0.000,AP
2026-07-13 07:08:42,1900-01-00 00:00:00,MyAltice fa2046,1C:BF:C0:FA:20:49,-72, WPA2 ,0.000000,0.000000,0.000,0.000,AP
2026-07-13 07:08:42,1900-01-00 00:00:00,MyAltice fa2046_guest,1E:BF:C0:FA:21:4A,-68, WPA2 ,0.000000,0.000000,0.000,0.000,AP
2026-07-13 07:08:43,1900-01-00 00:00:00,,AC:EC:85:9E:1D:72,-58,,0.000000,0.000000,0.000,0.000,Client
2026-07-13 07:08:43,1900-01-00 00:00:00,,AC:EC:85:9E:1D:72,-54, WPA2 ,0.000000,0.000000,0.000,0.000,AP
2026-07-13 07:08:43,1900-01-00 00:00:00,,AC:EC:85:9E:1D:76,-60, OPN,0.000000,0.000000,0.000,0.000,AP
2026-07-13 07:08:43,1900-01-00 00:00:00,Faith,C0:36:53:0C:71:C6,-54, WPA2 ,0.000000,0.000000,0.000,0.000,AP
2026-07-13 07:08:43,1900-01-00 00:00:00,,AC:EC:85:9E:1D:72,-62, WPA2 ,0.000000,0.000000,0.000,0.000,AP
2026-07-13 07:08:43,1900-01-00 00:00:00,,AC:EC:85:9D:8F:72,-56, WPA2 ,0.000000,0.000000,0.000,0.000,AP
2026-07-13 07:08:43,1900-01-00 00:00:00,,AC:EC:85:9D:8F:76,-52, OPN,0.000000,0.000000,0.000,0.000,AP
2026-07-13 07:08:43,1900-01-00 00:00:00,Faith,AC:EC:85:9D:8F:74,-56, WPA2 ,0.000000,0.000000,0.000,0.000,AP
2026-07-13 07:08:43,1900-01-00 00:00:00,MyAltice 6fe395,A4:CF:D2:6F:E3:98,-46, WPA2 ,0.000000,0.000000,0.000,0.000,AP
2026-07-13 07:08:43,1900-01-00 00:00:00,MyAltice 6fe395,A4:CF:D2:6F:E3:98,-44, WPA2 ,0.000000,0.000000,0.000,0.000,AP
2026-07-13 07:08:43,1900-01-00 00:00:00,MyAltice 6fe395,A4:CF:D2:6F:E3:98,-46, WPA2 ,0.000000,0.000000,0.000,0.000,AP
2026-07-13 07:08:43,1900-01-00 00:00:00,,FA:99:57:75:0F:78,-48,,0.000000,0.000000,0.000,0.000,Client
2026-07-13 07:08:43,1900-01-00 00:00:00,,FA:99:57:75:0F:78,-48,,0.000000,0.000000,0.000,0.000,Client
2026-07-13 07:08:43,1900-01-00 00:00:00,,FA:99:57:75:0F:78,-48,,0.000000,0.000000,0.000,0.000,Client
2026-07-13 07:08:43,1900-01-00 00:00:00,,FA:99:57:75:0F:78,-46,,0.000000,0.000000,0.000,0.000,Client
2026-07-13 07:08:43,1900-01-00 00:00:00,,FA:99:57:75:0F:78,-50,,0.000000,0.000000,0.000,0.000,Client
2026-07-13 07:08:43,1900-01-00 00:00:00,,FA:99:57:75:0F:78,-48,,0.000000,0.000000,0.000,0.000,Client
2026-07-13 07:08:43,1900-01-00 00:00:00,,FA:99:57:75:0F:78,-46,,0.000000,0.000000,0.000,0.000,Client
2026-07-13 07:08:43,1900-01-00 00:00:00,,FA:99:57:75:0F:78,-48,,0.000000,0.000000,0.000,0.000,Client
2026-07-13 07:08:43,1900-01-00 00:00:00,MyAltice 6fe395,A4:CF:D2:6F:E3:98,-46, WPA2 ,0.000000,0.000000,0.000,0.000,AP
2026-07-13 07:08:43,1900-01-00 00:00:00,MyAltice 6fe395,A4:CF:D2:6F:E3:98,-54, WPA2 ,0.000000,0.000000,0.000,0.000,AP
2026-07-13 07:08:43,1900-01-00 00:00:00,MyAltice 6fe395,A4:CF:D2:6F:E3:98,-44, WPA2 ,0.000000,0.000000,0.000,0.000,AP
2026-07-13 07:08:43,1900-01-00 00:00:00,,FA:99:57:75:0F:78,-48,,0.000000,0.000000,0.000,0.000,Client
2026-07-13 07:08:43,1900-01-00 00:00:00,,FA:99:57:75:0F:78,-44,,0.000000,0.000000,0.000,0.000,Client
2026-07-13 07:08:43,1900-01-00 00:00:00,,FA:99:57:75:0F:78,-46,,0.000000,0.000000,0.000,0.000,Client
2026-07-13 07:08:43,1900-01-00 00:00:00,MyAltice 6fe395,A4:CF:D2:6F:E3:98,-46, WPA2 ,0.000000,0.000000,0.000,0.000,AP
2026-07-13 07:08:43,1900-01-00 00:00:00,,AC:91:9B:B1:60:38,-72, ,0.000000,0.000000,0.000,0.000,AP
2026-07-13 07:08:43,1900-01-00 00:00:00,MyAltice 6fe395,A4:CF:D2:6F:E3:98,-48, WPA2 ,0.000000,0.000000,0.000,0.000,AP
2026-07-13 07:08:43,1900-01-00 00:00:00,,FA:99:57:75:0F:78,-50,,0.000000,0.000000,0.000,0.000,Client
2026-07-13 07:08:43,1900-01-00 00:00:00,,FA:99:57:75:0F:78,-48,,0.000000,0.000000,0.000,0.000,Client
2026-07-13 07:08:43,1900-01-00 00:00:00,,FA:99:57:75:0F:78,-48,,0.000000,0.000000,0.000,0.000,Client
2026-07-13 07:08:43,1900-01-00 00:00:00,,FA:99:57:75:0F:78,-46,,0.000000,0.000000,0.000,0.000,Client
2026-07-13 07:08:43,1900-01-00 00:00:00,,FA:99:57:75:0F:78,-48,,0.000000,0.000000,0.000,0.000,Client
2026-07-13 07:08:43,1900-01-00 00:00:00,,FA:99:57:75:0F:78,-46,,0.000000,0.000000,0.000,0.000,Client
2026-07-13 07:08:43,1900-01-00 00:00:00,,FA:99:57:75:0F:78,-48,,0.000000,0.000000,0.000,0.000,Client
2026-07-13 07:08:43,1900-01-00 00:00:00,,FA:99:57:75:0F:78,-48,,0.000000,0.000000,0.000,0.000,Client
2026-07-13 07:08:43,1900-01-00 00:00:00,MyAltice 6fe395,A4:CF:D2:6F:E3:98,-48, WPA2 ,0.000000,0.000000,0.000,0.000,AP
2026-07-13 07:08:43,1900-01-00 00:00:00,,FA:99:57:75:0F:78,-46,,0.000000,0.000000,0.000,0.000,Client
2026-07-13 07:08:43,1900-01-00 00:00:00,,FA:99:57:75:0F:78,-46,,0.000000,0.000000,0.000,0.000,Client
2026-07-13 07:08:43,1900-01-00 00:00:00,MyAltice 6fe395,A4:CF:D2:6F:E3:98,-48, WPA2 ,0.000000,0.000000,0.000,0.000,AP
2026-07-13 07:08:43,1900-01-00 00:00:00,MyAltice 6fe395,A4:CF:D2:6F:E3:98,-44, WPA2 ,0.000000,0.000000,0.000,0.000,AP
2026-07-13 07:08:43,1900-01-00 00:00:00,,FA:99:57:75:0F:78,-46,,0.000000,0.000000,0.000,0.000,Client
2026-07-13 07:08:44,1900-01-00 00:00:00,MyAltice 6fe395,A4:CF:D2:6F:E3:98,-42, WPA2 ,0.000000,0.000000,0.000,0.000,AP
2026-07-13 07:08:45,1900-01-00 00:00:00,ismael24,CE:B1:48:22:FD:F9,-68, WPA2 ,0.000000,0.000000,0.000,0.000,AP
2026-07-13 07:08:45,1900-01-00 00:00:00,TMOBILE-4B42,CC:B1:48:12:FD:F9,-70, WPA2 ,0.000000,0.000000,0.000,0.000,AP
2026-07-13 07:08:46,1900-01-00 00:00:00,Nena,04:42:1A:42:E0:B0,-58, WPA2 ,0.000000,0.000000,0.000,0.000,AP
2026-07-13 07:08:46,1900-01-00 00:00:00,Nena,04:42:1A:42:E0:B0,-56, WPA2 ,0.000000,0.000000,0.000,0.000,AP
2026-07-13 07:08:46,1900-01-00 00:00:00,Nena,04:42:1A:42:E0:B0,-54, WPA2 ,0.000000,0.000000,0.000,0.000,AP
2026-07-13 07:08:46,1900-01-00 00:00:00,NEWYORK NEWYORK,A4:CF:D2:3D:84:0C,-62, WPA2 ,0.000000,0.000000,0.000,0.000,AP
2026-07-13 07:08:46,1900-01-00 00:00:00,MyAltice DEB0FF,58:FC:20:DE:B1:00,-50, WPA2 ,0.000000,0.000000,0.000,0.000,AP
2026-07-13 07:08:46,1900-01-00 00:00:00,MyAltice E5934F,CC:19:A8:E5:93:50,-62, WPA2 ,0.000000,0.000000,0.000,0.000,AP
2026-07-13 07:08:46,1900-01-00 00:00:00,MyAltice DEB0FF,58:FC:20:DE:B1:00,-46, WPA2 ,0.000000,0.000000,0.000,0.000,AP
2026-07-13 07:08:46,1900-01-00 00:00:00,MyAltice DEB0FF,58:FC:20:DE:B1:00,-50, WPA2 ,0.000000,0.000000,0.000,0.000,AP
2026-07-13 07:08:46,1900-01-00 00:00:00,MyAltice E5934F,CC:19:A8:E5:93:50,-66, WPA2 ,0.000000,0.000000,0.000,0.000,AP
2026-07-13 07:08:46,1900-01-00 00:00:00,Faith,C0:36:53:0C:71:C6,-54, WPA2 ,0.000000,0.000000,0.000,0.000,AP
2026-07-13 07:08:46,1900-01-00 00:00:00,Faith,AC:EC:85:9E:1D:74,-58, WPA2 ,0.000000,0.000000,0.000,0.000,AP
2026-07-13 07:08:46,1900-01-00 00:00:00,Faith,AC:EC:85:9E:1D:74,-48, WPA2 ,0.000000,0.000000,0.000,0.000,AP
2026-07-13 07:08:46,1900-01-00 00:00:00,Faith,AC:EC:85:9E:1D:74,-48, WPA2 ,0.000000,0.000000,0.000,0.000,AP
2026-07-13 07:08:46,1900-01-00 00:00:00,,AC:EC:85:9E:1D:76,-50, OPN,0.000000,0.000000,0.000,0.000,AP
2026-07-13 07:08:46,1900-01-00 00:00:00,Faith,AC:EC:85:9E:1D:74,-60, WPA2 ,0.000000,0.000000,0.000,0.000,AP
2026-07-13 07:08:46,1900-01-00 00:00:00,,C0:36:53:0C:71:C4,-54, WPA2 ,0.000000,0.000000,0.000,0.000,AP
2026-07-13 07:08:46,1900-01-00 00:00:00,,C0:36:53:0C:71:C8,-58, OPN,0.000000,0.000000,0.000,0.000,AP
2026-07-13 07:08:46,1900-01-00 00:00:00,Faith,C0:36:53:0C:71:C6,-58, WPA2 ,0.000000,0.000000,0.000,0.000,AP
2026-07-13 07:08:46,1900-01-00 00:00:00,,AC:EC:85:9D:8F:72,-44, WPA2 ,0.000000,0.000000,0.000,0.000,AP
2026-07-13 07:08:46,1900-01-00 00:00:00,,AC:EC:85:9D:8F:76,-46, OPN,0.000000,0.000000,0.000,0.000,AP
2026-07-13 07:08:46,1900-01-00 00:00:00,Faith,AC:EC:85:9D:8F:74,-48, WPA2 ,0.000000,0.000000,0.000,0.000,AP
2026-07-13 07:08:46,1900-01-00 00:00:00,,AC:EC:85:9E:1D:72,-46, WPA2 ,0.000000,0.000000,0.000,0.000,AP
2026-07-13 07:08:46,1900-01-00 00:00:00,,AC:EC:85:9E:1D:76,-44, OPN,0.000000,0.000000,0.000,0.000,AP
2026-07-13 07:08:46,1900-01-00 00:00:00,Faith,AC:EC:85:9E:1D:74,-46, WPA2 ,0.000000,0.000000,0.000,0.000,AP
2026-07-13 07:08:46,1900-01-00 00:00:00,,AC:EC:85:9D:8F:72,-48, WPA2 ,0.000000,0.000000,0.000,0.000,AP
2026-07-13 07:08:46,1900-01-00 00:00:00,,AC:EC:85:9D:8F:76,-42, OPN,0.000000,0.000000,0.000,0.000,AP
2026-07-13 07:08:46,1900-01-00 00:00:00,Faith,AC:EC:85:9D:8F:74,-42, WPA2 ,0.000000,0.000000,0.000,0.000,AP
2026-07-13 07:08:46,1900-01-00 00:00:00,,3C:6A:9D:16:AE:DF,-64,,0.000000,0.000000,0.000,0.000,Client
2026-07-13 07:08:47,1900-01-00 00:00:00,MyAltice 6fe395,A4:CF:D2:6F:E3:98,-44, WPA2 ,0.000000,0.000000,0.000,0.000,AP
2026-07-13 07:08:47,1900-01-00 00:00:00,MyAltice 6fe395,A4:CF:D2:6F:E3:98,-44, WPA2 ,0.000000,0.000000,0.000,0.000,AP
2026-07-13 07:08:47,1900-01-00 00:00:00,MyAltice 6fe395,A4:CF:D2:6F:E3:98,-42, WPA2 ,0.000000,0.000000,0.000,0.000,AP
2026-07-13 07:08:47,1900-01-00 00:00:00,MyAltice 6fe395,A4:CF:D2:6F:E3:98,-44, WPA2 ,0.000000,0.000000,0.000,0.000,AP
2026-07-13 07:08:49,1900-01-00 00:00:00,ismael24,CE:B1:48:22:FD:F9,-70, WPA2 ,0.000000,0.000000,0.000,0.000,AP
2026-07-13 07:08:50,1900-01-00 00:00:00,MyAltice DEB0FF,58:FC:20:DE:B1:00,-44, WPA2 ,0.000000,0.000000,0.000,0.000,AP
2026-07-13 07:08:50,1900-01-00 00:00:00,NEWYORK NEWYORK,A4:CF:D2:3D:84:0C,-58, WPA2 ,0.000000,0.000000,0.000,0.000,AP
2026-07-13 07:08:50,1900-01-00 00:00:00,MyOptimum 89fccf,B0:B3:69:89:FC:D0,-64, WPA2 ,0.000000,0.000000,0.000,0.000,AP
2026-07-13 07:08:50,1900-01-00 00:00:00,MyAltice DEB0FF,58:FC:20:DE:B1:00,-44, WPA2 ,0.000000,0.000000,0.000,0.000,AP
2026-07-13 07:08:50,1900-01-00 00:00:00,MyAltice E5934F,CC:19:A8:E5:93:50,-62, WPA2 ,0.000000,0.000000,0.000,0.000,AP
2026-07-13 07:08:50,1900-01-00 00:00:00,MyAltice 0C863F,58:FC:20:0C:86:40,-70, WPA2 ,0.000000,0.000000,0.000,0.000,AP
2026-07-13 07:08:50,1900-01-00 00:00:00,MyOptimum 89fccf,B0:B3:69:89:FC:D0,-66, WPA2 ,0.000000,0.000000,0.000,0.000,AP
2026-07-13 07:08:50,1900-01-00 00:00:00,MyAltice b517cf,0C:B9:37:B5:17:D2,-70, WPA2 ,0.000000,0.000000,0.000,0.000,AP
2026-07-13 07:08:50,1900-01-00 00:00:00,MyAltice DEB0FF,58:FC:20:DE:B1:00,-48, WPA2 ,0.000000,0.000000,0.000,0.000,AP
2026-07-13 07:08:50,1900-01-00 00:00:00,,AC:EC:85:9E:1D:72,-50, WPA2 ,0.000000,0.000000,0.000,0.000,AP
2026-07-13 07:08:50,1900-01-00 00:00:00,,AC:EC:85:9E:1D:76,-48, OPN,0.000000,0.000000,0.000,0.000,AP
2026-07-13 07:08:50,1900-01-00 00:00:00,Faith,AC:EC:85:9E:1D:74,-48, WPA2 ,0.000000,0.000000,0.000,0.000,AP
2026-07-13 07:08:50,1900-01-00 00:00:00,,AC:EC:85:9D:8F:72,-44, WPA2 ,0.000000,0.000000,0.000,0.000,AP
2026-07-13 07:08:50,1900-01-00 00:00:00,,AC:EC:85:9D:8F:76,-46, OPN,0.000000,0.000000,0.000,0.000,AP
2026-07-13 07:08:50,1900-01-00 00:00:00,Faith,AC:EC:85:9D:8F:74,-44, WPA2 ,0.000000,0.000000,0.000,0.000,AP
2026-07-13 07:08:50,1900-01-00 00:00:00,,AC:EC:85:9D:8F:72,-46, WPA2 ,0.000000,0.000000,0.000,0.000,AP
2026-07-13 07:08:50,1900-01-00 00:00:00,,AC:EC:85:9D:8F:76,-48, OPN,0.000000,0.000000,0.000,0.000,AP
2026-07-13 07:08:50,1900-01-00 00:00:00,Faith,AC:EC:85:9D:8F:74,-44, WPA2 ,0.000000,0.000000,0.000,0.000,AP
2026-07-13 07:08:51,1900-01-00 00:00:00,MyAltice 6fe395,A4:CF:D2:6F:E3:98,-44, WPA2 ,0.000000,0.000000,0.000,0.000,AP
2026-07-13 07:08:51,1900-01-00 00:00:00,MyAltice 6fe395,A4:CF:D2:6F:E3:98,-46, WPA2 ,0.000000,0.000000,0.000,0.000,AP
2026-07-13 07:08:51,1900-01-00 00:00:00,MyAltice 6fe395,A4:CF:D2:6F:E3:98,-46, WPA2 ,0.000000,0.000000,0.000,0.000,AP
2026-07-13 07:08:51,1900-01-00 00:00:00,MyAltice 6fe395,A4:CF:D2:6F:E3:98,-42, WPA2 ,0.000000,0.000000,0.000,0.000,AP
2026-07-13 07:08:51,1900-01-00 00:00:00,MyAltice 6fe395,A4:CF:D2:6F:E3:98,-42, WPA2 ,0.000000,0.000000,0.000,0.000,AP
2026-07-13 07:08:51,1900-01-00 00:00:00,,FA:99:57:75:0F:78,-46,,0.000000,0.000000,0.000,0.000,Client
2026-07-13 07:08:51,1900-01-00 00:00:00,,FA:99:57:75:0F:78,-46,,0.000000,0.000000,0.000,0.000,Client
2026-07-13 07:08:51,1900-01-00 00:00:00,,FA:99:57:75:0F:78,-44,,0.000000,0.000000,0.000,0.000,Client
2026-07-13 07:08:51,1900-01-00 00:00:00,,FA:99:57:75:0F:78,-46,,0.000000,0.000000,0.000,0.000,Client
2026-07-13 07:08:51,1900-01-00 00:00:00,,FA:99:57:75:0F:78,-44,,0.000000,0.000000,0.000,0.000,Client
2026-07-13 07:08:51,1900-01-00 00:00:00,,FA:99:57:75:0F:78,-44,,0.000000,0.000000,0.000,0.000,Client
2026-07-13 07:08:51,1900-01-00 00:00:00,,FA:99:57:75:0F:78,-44,,0.000000,0.000000,0.000,0.000,Client
2026-07-13 07:08:53,1900-01-00 00:00:00,,08:3A:8D:E3:7E:2C,-70,,0.000000,0.000000,0.000,0.000,Client
2026-07-13 07:08:53,1900-01-00 00:00:00,MyAltice fa2046,1C:BF:C0:FA:20:49,-70, WPA2 ,0.000000,0.000000,0.000,0.000,AP
2026-07-13 07:08:53,1900-01-00 00:00:00,NEWYORK NEWYORK,A4:CF:D2:3D:84:0C,-60, WPA2 ,0.000000,0.000000,0.000,0.000,AP
2026-07-13 07:08:53,1900-01-00 00:00:00,MyOptimum 89fccf,B0:B3:69:89:FC:D0,-66, WPA2 ,0.000000,0.000000,0.000,0.000,AP
2026-07-13 07:08:53,1900-01-00 00:00:00,MyAltice DEB0FF,58:FC:20:DE:B1:00,-48, WPA2 ,0.000000,0.000000,0.000,0.000,AP
2026-07-13 07:08:53,1900-01-00 00:00:00,MyAltice E5934F,CC:19:A8:E5:93:50,-66, WPA2 ,0.000000,0.000000,0.000,0.000,AP
2026-07-13 07:08:53,1900-01-00 00:00:00,NEWYORK NEWYORK,A4:CF:D2:3D:84:0C,-58, WPA2 ,0.000000,0.000000,0.000,0.000,AP
2026-07-13 07:08:53,1900-01-00 00:00:00,MyAltice fa2046,1C:BF:C0:FA:20:49,-70, WPA2 ,0.000000,0.000000,0.000,0.000,AP
2026-07-13 07:08:53,1900-01-00 00:00:00,NEWYORK NEWYORK,A4:CF:D2:3D:84:0C,-58, WPA2 ,0.000000,0.000000,0.000,0.000,AP
2026-07-13 07:08:53,1900-01-00 00:00:00,MyAltice DEB0FF,58:FC:20:DE:B1:00,-48, WPA2 ,0.000000,0.000000,0.000,0.000,AP
2026-07-13 07:08:54,1900-01-00 00:00:00,,AC:EC:85:9D:8F:72,-50, WPA2 ,0.000000,0.000000,0.000,0.000,AP
2026-07-13 07:08:54,1900-01-00 00:00:00,,AC:EC:85:9D:8F:76,-52, OPN,0.000000,0.000000,0.000,0.000,AP
2026-07-13 07:08:54,1900-01-00 00:00:00,Faith,AC:EC:85:9D:8F:74,-50, WPA2 ,0.000000,0.000000,0.000,0.000,AP
2026-07-13 07:08:54,1900-01-00 00:00:00,,AC:EC:85:9D:8F:72,-50, WPA2 ,0.000000,0.000000,0.000,0.000,AP
2026-07-13 07:08:54,1900-01-00 00:00:00,,AC:EC:85:9D:8F:76,-48, OPN,0.000000,0.000000,0.000,0.000,AP
2026-07-13 07:08:54,1900-01-00 00:00:00,MyAltice 6fe395,A4:CF:D2:6F:E3:98,-52, WPA2 ,0.000000,0.000000,0.000,0.000,AP
2026-07-13 07:08:54,1900-01-00 00:00:00,MyAltice 6fe395,A4:CF:D2:6F:E3:98,-46, WPA2 ,0.000000,0.000000,0.000,0.000,AP
2026-07-13 07:08:55,1900-01-00 00:00:00,,FA:99:57:75:0F:78,-46,,0.000000,0.000000,0.000,0.000,Client
2026-07-13 07:08:56,1900-01-00 00:00:00,,CE:B1:48:02:FD:F9,-68, ,0.000000,0.000000,0.000,0.000,AP
2026-07-13 07:08:56,1900-01-00 00:00:00,ismael24,CE:B1:48:22:FD:F9,-70, WPA2 ,0.000000,0.000000,0.000,0.000,AP
2026-07-13 07:08:56,1900-01-00 00:00:00,ismael24,CE:B1:48:22:FD:F9,-68, WPA2 ,0.000000,0.000000,0.000,0.000,AP
2026-07-13 07:08:57,1900-01-00 00:00:00,MyOptimum 89fccf,B0:B3:69:89:FC:D0,-68, WPA2 ,0.000000,0.000000,0.000,0.000,AP
2026-07-13 07:08:57,1900-01-00 00:00:00,MyAltice DEB0FF,58:FC:20:DE:B1:00,-48, WPA2 ,0.000000,0.000000,0.000,0.000,AP
2026-07-13 07:08:57,1900-01-00 00:00:00,MyAltice E5934F,CC:19:A8:E5:93:50,-64, WPA2 ,0.000000,0.000000,0.000,0.000,AP
2026-07-13 07:08:57,1900-01-00 00:00:00,MyAltice fa2046,1C:BF:C0:FA:20:49,-70, WPA2 ,0.000000,0.000000,0.000,0.000,AP
2026-07-13 07:08:57,1900-01-00 00:00:00,MyOptimum 89fccf,B0:B3:69:89:FC:D0,-66, WPA2 ,0.000000,0.000000,0.000,0.000,AP
2026-07-13 07:08:57,1900-01-00 00:00:00,MyAltice DEB0FF,58:FC:20:DE:B1:00,-48, WPA2 ,0.000000,0.000000,0.000,0.000,AP
2026-07-13 07:08:57,1900-01-00 00:00:00,MyAltice E5934F,CC:19:A8:E5:93:50,-64, WPA2 ,0.000000,0.000000,0.000,0.000,AP
2026-07-13 07:08:57,1900-01-00 00:00:00,MyOptimum 89fccf,B0:B3:69:89:FC:D0,-64, WPA2 ,0.000000,0.000000,0.000,0.000,AP
2026-07-13 07:08:57,1900-01-00 00:00:00,NEWYORK NEWYORK,A4:CF:D2:3D:84:0C,-56, WPA2 ,0.000000,0.000000,0.000,0.000,AP
2026-07-13 07:08:57,1900-01-00 00:00:00,MyAltice DEB0FF,58:FC:20:DE:B1:00,-46, WPA2 ,0.000000,0.000000,0.000,0.000,AP
2026-07-13 07:08:57,1900-01-00 00:00:00,Faith,C0:36:53:0C:71:C6,-58, WPA2 ,0.000000,0.000000,0.000,0.000,AP
2026-07-13 07:08:57,1900-01-00 00:00:00,,AC:EC:85:9D:8F:76,-50, OPN,0.000000,0.000000,0.000,0.000,AP
2026-07-13 07:08:57,1900-01-00 00:00:00,Faith,AC:EC:85:9D:8F:74,-54, WPA2 ,0.000000,0.000000,0.000,0.000,AP
2026-07-13 07:08:58,1900-01-00 00:00:00,,C0:36:53:0C:71:C4,-54, WPA2 ,0.000000,0.000000,0.000,0.000,AP
2026-07-13 07:08:58,1900-01-00 00:00:00,,C0:36:53:0C:71:C8,-56, OPN,0.000000,0.000000,0.000,0.000,AP
2026-07-13 07:08:58,1900-01-00 00:00:00,Faith,C0:36:53:0C:71:C6,-60, WPA2 ,0.000000,0.000000,0.000,0.000,AP
2026-07-13 07:08:58,1900-01-00 00:00:00,Faith,AC:EC:85:9D:8F:74,-50, WPA2 ,0.000000,0.000000,0.000,0.000,AP
2026-07-13 07:08:58,1900-01-00 00:00:00,,AC:EC:85:9E:1D:72,-70, WPA2 ,0.000000,0.000000,0.000,0.000,AP
2026-07-13 07:08:58,1900-01-00 00:00:00,MyAltice 6fe395,A4:CF:D2:6F:E3:98,-46, WPA2 ,0.000000,0.000000,0.000,0.000,AP
2026-07-13 07:08:58,1900-01-00 00:00:00,Verizon_3WY6YD,AC:91:9B:B1:60:38,-74, WPA2 ,0.000000,0.000000,0.000,0.000,AP
2026-07-13 07:08:58,1900-01-00 00:00:00,MyAltice 6fe395,A4:CF:D2:6F:E3:98,-48, WPA2 ,0.000000,0.000000,0.000,0.000,AP
2026-07-13 07:08:59,1900-01-00 00:00:00,MyAltice 6fe395,A4:CF:D2:6F:E3:98,-48, WPA2 ,0.000000,0.000000,0.000,0.000,AP
2026-07-13 07:09:00,1900-01-00 00:00:00,TMOBILE-4B42,CC:B1:48:12:FD:F9,-68, WPA2 ,0.000000,0.000000,0.000,0.000,AP
2026-07-13 07:09:01,1900-01-00 00:00:00,Nena,04:42:1A:42:E0:B0,-62, WPA2 ,0.000000,0.000000,0.000,0.000,AP
2026-07-13 07:09:01,1900-01-00 00:00:00,,D0:73:D5:76:7A:E4,-70,,0.000000,0.000000,0.000,0.000,Client
2026-07-13 07:09:01,1900-01-00 00:00:00,MyAltice E5934F,CC:19:A8:E5:93:50,-66, WPA2 ,0.000000,0.000000,0.000,0.000,AP
2026-07-13 07:09:01,1900-01-00 00:00:00,NEWYORK NEWYORK,A4:CF:D2:3D:84:0C,-56, WPA2 ,0.000000,0.000000,0.000,0.000,AP
2026-07-13 07:09:01,1900-01-00 00:00:00,MyOptimum 89fccf,B0:B3:69:89:FC:D0,-66, WPA2 ,0.000000,0.000000,0.000,0.000,AP
2026-07-13 07:09:01,1900-01-00 00:00:00,MyAltice E5934F,CC:19:A8:E5:93:50,-68, WPA2 ,0.000000,0.000000,0.000,0.000,AP
2026-07-13 07:09:01,1900-01-00 00:00:00,NEWYORK NEWYORK,A4:CF:D2:3D:84:0C,-52, WPA2 ,0.000000,0.000000,0.000,0.000,AP
2026-07-13 07:09:01,1900-01-00 00:00:00,MyAltice DEB0FF,58:FC:20:DE:B1:00,-46, WPA2 ,0.000000,0.000000,0.000,0.000,AP
2026-07-13 07:09:01,1900-01-00 00:00:00,MyAltice E5934F,CC:19:A8:E5:93:50,-66, WPA2 ,0.000000,0.000000,0.000,0.000,AP
2026-07-13 07:09:01,1900-01-00 00:00:00,MyAltice fa2046,1C:BF:C0:FA:20:49,-70, WPA2 ,0.000000,0.000000,0.000,0.000,AP
2026-07-13 07:09:01,1900-01-00 00:00:00,MyAltice fa2046,1C:BF:C0:FA:20:49,-68, WPA2 ,0.000000,0.000000,0.000,0.000,AP
2026-07-13 07:09:01,1900-01-00 00:00:00,MyAltice fa2046,1C:BF:C0:FA:20:49,-70, WPA2 ,0.000000,0.000000,0.000,0.000,AP
2026-07-13 07:09:01,1900-01-00 00:00:00,MyAltice fa2046,1C:BF:C0:FA:20:49,-70, WPA2 ,0.000000,0.000000,0.000,0.000,AP
2026-07-13 07:09:01,1900-01-00 00:00:00,,C0:36:53:0C:71:C4,-58, WPA2 ,0.000000,0.000000,0.000,0.000,AP
2026-07-13 07:09:01,1900-01-00 00:00:00,,C0:36:53:0C:71:C8,-60, OPN,0.000000,0.000000,0.000,0.000,AP
2026-07-13 07:09:01,1900-01-00 00:00:00,,AC:EC:85:9D:8F:76,-50, OPN,0.000000,0.000000,0.000,0.000,AP
2026-07-13 07:09:01,1900-01-00 00:00:00,Faith,AC:EC:85:9D:8F:74,-48, WPA2 ,0.000000,0.000000,0.000,0.000,AP
2026-07-13 07:09:01,1900-01-00 00:00:00,,C0:36:53:0C:71:C4,-58, WPA2 ,0.000000,0.000000,0.000,0.000,AP
2026-07-13 07:09:01,1900-01-00 00:00:00,,C0:36:53:0C:71:C8,-54, OPN,0.000000,0.000000,0.000,0.000,AP
2026-07-13 07:09:01,1900-01-00 00:00:00,Faith,C0:36:53:0C:71:C6,-54, WPA2 ,0.000000,0.000000,0.000,0.000,AP
2026-07-13 07:09:01,1900-01-00 00:00:00,,AC:EC:85:9D:8F:72,-50, WPA2 ,0.000000,0.000000,0.000,0.000,AP
2026-07-13 07:09:01,1900-01-00 00:00:00,,AC:EC:85:9D:8F:76,-52, OPN,0.000000,0.000000,0.000,0.000,AP
2026-07-13 07:09:01,1900-01-00 00:00:00,Faith,AC:EC:85:9D:8F:74,-48, WPA2 ,0.000000,0.000000,0.000,0.000,AP
2026-07-13 07:09:02,1900-01-00 00:00:00,MyAltice 6fe395,A4:CF:D2:6F:E3:98,-46, WPA2 ,0.000000,0.000000,0.000,0.000,AP
2026-07-13 07:09:02,1900-01-00 00:00:00,MyAltice 6fe395,A4:CF:D2:6F:E3:98,-48, WPA2 ,0.000000,0.000000,0.000,0.000,AP
2026-07-13 07:09:02,1900-01-00 00:00:00,MyAltice 6fe395,A4:CF:D2:6F:E3:98,-48, WPA2 ,0.000000,0.000000,0.000,0.000,AP
2026-07-13 07:09:02,1900-01-00 00:00:00,,FA:99:57:75:0F:78,-48,,0.000000,0.000000,0.000,0.000,Client
2026-07-13 07:09:02,1900-01-00 00:00:00,,FA:99:57:75:0F:78,-44,,0.000000,0.000000,0.000,0.000,Client
2026-07-13 07:09:02,1900-01-00 00:00:00,MyAltice 6fe395,A4:CF:D2:6F:E3:98,-46, WPA2 ,0.000000,0.000000,0.000,0.000,AP
2026-07-13 07:09:02,1900-01-00 00:00:00,Verizon_SJW4J7,24:41:FE:D8:2A:B7,-72, WPA2 ,0.000000,0.000000,0.000,0.000,AP
2026-07-13 07:09:02,1900-01-00 00:00:00,,FA:99:57:75:0F:78,-46,,0.000000,0.000000,0.000,0.000,Client
2026-07-13 07:09:02,1900-01-00 00:00:00,MyAltice 6fe395,A4:CF:D2:6F:E3:98,-46, WPA2 ,0.000000,0.000000,0.000,0.000,AP
2026-07-13 07:09:02,1900-01-00 00:00:00,,FA:99:57:75:0F:78,-46,,0.000000,0.000000,0.000,0.000,Client
2026-07-13 07:09:02,1900-01-00 00:00:00,,FA:99:57:75:0F:78,-76,,0.000000,0.000000,0.000,0.000,Client
2026-07-13 07:09:02,1900-01-00 00:00:00,,FA:99:57:75:0F:78,-46,,0.000000,0.000000,0.000,0.000,Client
2026-07-13 07:09:02,1900-01-00 00:00:00,,FA:99:57:75:0F:78,-46,,0.000000,0.000000,0.000,0.000,Client
2026-07-13 07:09:02,1900-01-00 00:00:00,MyAltice 6fe395,A4:CF:D2:6F:E3:98,-50, WPA2 ,0.000000,0.000000,0.000,0.000,AP
2026-07-13 07:09:02,1900-01-00 00:00:00,,FA:99:57:75:0F:78,-44,,0.000000,0.000000,0.000,0.000,Client
2026-07-13 07:09:02,1900-01-00 00:00:00,,FA:99:57:75:0F:78,-50,,0.000000,0.000000,0.000,0.000,Client
2026-07-13 07:09:03,1900-01-00 00:00:00,MyAltice 6fe395,A4:CF:D2:6F:E3:98,-46, WPA2 ,0.000000,0.000000,0.000,0.000,AP
2026-07-13 07:09:03,1900-01-00 00:00:00,MyAltice 6fe395,A4:CF:D2:6F:E3:98,-46, WPA2 ,0.000000,0.000000,0.000,0.000,AP
2026-07-13 07:09:04,1900-01-00 00:00:00,ismael24,CE:B1:48:22:FD:F9,-68, WPA2 ,0.000000,0.000000,0.000,0.000,AP
2026-07-13 07:09:04,1900-01-00 00:00:00,,D0:73:D5:76:85:32,-70,,0.000000,0.000000,0.000,0.000,Client
2026-07-13 07:09:04,1900-01-00 00:00:00,,D0:73:D5:76:85:32,-68,,0.000000,0.000000,0.000,0.000,Client
2026-07-13 07:09:04,1900-01-00 00:00:00,,08:3A:8D:E3:7E:2C,-70,,0.000000,0.000000,0.000,0.000,Client
2026-07-13 07:09:04,1900-01-00 00:00:00,,3C:6A:9D:16:AE:DF,-74,,0.000000,0.000000,0.000,0.000,Client
2026-07-13 07:09:04,1900-01-00 00:00:00,Nena,04:42:1A:42:E0:B0,-66, WPA2 ,0.000000,0.000000,0.000,0.000,AP
2026-07-13 07:09:05,1900-01-00 00:00:00,MyAltice DEB0FF,58:FC:20:DE:B1:00,-46, WPA2 ,0.000000,0.000000,0.000,0.000,AP
2026-07-13 07:09:05,1900-01-00 00:00:00,MyAltice fa2046_guest,1E:BF:C0:FA:21:4A,-72, WPA2 ,0.000000,0.000000,0.000,0.000,AP
2026-07-13 07:09:05,1900-01-00 00:00:00,MyAltice 0C863F,58:FC:20:0C:86:40,-72, WPA2 ,0.000000,0.000000,0.000,0.000,AP
2026-07-13 07:09:05,1900-01-00 00:00:00,NEWYORK NEWYORK,A4:CF:D2:3D:84:0C,-68, WPA2 ,0.000000,0.000000,0.000,0.000,AP
2026-07-13 07:09:05,1900-01-00 00:00:00,MyOptimum 89fccf,B0:B3:69:89:FC:D0,-68, WPA2 ,0.000000,0.000000,0.000,0.000,AP
2026-07-13 07:09:05,1900-01-00 00:00:00,MyAltice DEB0FF,58:FC:20:DE:B1:00,-50, WPA2 ,0.000000,0.000000,0.000,0.000,AP
2026-07-13 07:09:05,1900-01-00 00:00:00,MyAltice E5934F,CC:19:A8:E5:93:50,-64, WPA2 ,0.000000,0.000000,0.000,0.000,AP
2026-07-13 07:09:05,1900-01-00 00:00:00,,AC:EC:85:9D:8F:72,-54, WPA2 ,0.000000,0.000000,0.000,0.000,AP
2026-07-13 07:09:05,1900-01-00 00:00:00,,AC:EC:85:9D:8F:76,-58, OPN,0.000000,0.000000,0.000,0.000,AP
2026-07-13 07:09:05,1900-01-00 00:00:00,Faith,AC:EC:85:9D:8F:74,-56, WPA2 ,0.000000,0.000000,0.000,0.000,AP
2026-07-13 07:09:05,1900-01-00 00:00:00,,AC:EC:85:9D:8F:72,-58, WPA2 ,0.000000,0.000000,0.000,0.000,AP
2026-07-13 07:09:05,1900-01-00 00:00:00,,AC:EC:85:9D:8F:76,-56, OPN,0.000000,0.000000,0.000,0.000,AP
2026-07-13 07:09:05,1900-01-00 00:00:00,Faith,AC:EC:85:9D:8F:74,-54, WPA2 ,0.000000,0.000000,0.000,0.000,AP
2026-07-13 07:09:05,1900-01-00 00:00:00,,AC:EC:85:9E:1D:72,-52, WPA2 ,0.000000,0.000000,0.000,0.000,AP
2026-07-13 07:09:05,1900-01-00 00:00:00,,AC:EC:85:9E:1D:76,-58, OPN,0.000000,0.000000,0.000,0.000,AP
2026-07-13 07:09:05,1900-01-00 00:00:00,Faith,AC:EC:85:9E:1D:74,-54, WPA2 ,0.000000,0.000000,0.000,0.000,AP
2026-07-13 07:09:05,1900-01-00 00:00:00,,C0:36:53:0C:71:C4,-54, WPA2 ,0.000000,0.000000,0.000,0.000,AP
2026-07-13 07:09:05,1900-01-00 00:00:00,Faith,C0:36:53:0C:71:C6,-54, WPA2 ,0.000000,0.000000,0.000,0.000,AP
2026-07-13 07:09:05,1900-01-00 00:00:00,,AC:EC:85:9D:8F:72,-56, WPA2 ,0.000000,0.000000,0.000,0.000,AP
2026-07-13 07:09:05,1900-01-00 00:00:00,,AC:EC:85:9D:8F:76,-52, OPN,0.000000,0.000000,0.000,0.000,AP
2026-07-13 07:09:05,1900-01-00 00:00:00,Faith,AC:EC:85:9D:8F:74,-54, WPA2 ,0.000000,0.000000,0.000,0.000,AP
2026-07-13 07:09:05,1900-01-00 00:00:00,MyOptimum 79c110,94:4E:5B:79:C1:11,-72, WPA2 ,0.000000,0.000000,0.000,0.000,AP
2026-07-13 07:09:05,1900-01-00 00:00:00,MyAltice 6fe395,A4:CF:D2:6F:E3:98,-48, WPA2 ,0.000000,0.000000,0.000,0.000,AP
2026-07-13 07:09:05,1900-01-00 00:00:00,MyAltice 6fe395,A4:CF:D2:6F:E3:98,-52, WPA2 ,0.000000,0.000000,0.000,0.000,AP
2026-07-13 07:09:05,1900-01-00 00:00:00,MyAltice 6fe395,A4:CF:D2:6F:E3:98,-48, WPA2 ,0.000000,0.000000,0.000,0.000,AP
2026-07-13 07:09:05,1900-01-00 00:00:00,,FA:99:57:75:0F:78,-48,,0.000000,0.000000,0.000,0.000,Client
2026-07-13 07:09:05,1900-01-00 00:00:00,,FA:99:57:75:0F:78,-46,,0.000000,0.000000,0.000,0.000,Client
2026-07-13 07:09:05,1900-01-00 00:00:00,,FA:99:57:75:0F:78,-44,,0.000000,0.000000,0.000,0.000,Client
2026-07-13 07:09:05,1900-01-00 00:00:00,,FA:99:57:75:0F:78,-44,,0.000000,0.000000,0.000,0.000,Client
2026-07-13 07:09:05,1900-01-00 00:00:00,MyAltice 6fe395,A4:CF:D2:6F:E3:98,-50, WPA2 ,0.000000,0.000000,0.000,0.000,AP
2026-07-13 07:09:05,1900-01-00 00:00:00,MyAltice 6fe395,A4:CF:D2:6F:E3:98,-50, WPA2 ,0.000000,0.000000,0.000,0.000,AP
2026-07-13 07:09:05,1900-01-00 00:00:00,MyAltice 6fe395,A4:CF:D2:6F:E3:98,-50, WPA2 ,0.000000,0.000000,0.000,0.000,AP
2026-07-13 07:09:06,1900-01-00 00:00:00,MyAltice 6fe395,A4:CF:D2:6F:E3:98,-50, WPA2 ,0.000000,0.000000,0.000,0.000,AP
2026-07-13 07:09:07,1900-01-00 00:00:00,ismael24,CE:B1:48:22:FD:F9,-68, WPA2 ,0.000000,0.000000,0.000,0.000,AP
2026-07-13 07:09:08,1900-01-00 00:00:00,,CE:B1:48:02:FD:F9,-68, WPA2 ,0.000000,0.000000,0.000,0.000,AP
2026-07-13 07:09:08,1900-01-00 00:00:00,ismael24,CE:B1:48:22:FD:F9,-68, WPA2 ,0.000000,0.000000,0.000,0.000,AP
2026-07-13 07:09:08,1900-01-00 00:00:00,,D0:73:D5:76:8E:D2,-64,,0.000000,0.000000,0.000,0.000,Client
2026-07-13 07:09:08,1900-01-00 00:00:00,,D0:73:D5:76:8E:D2,-66,,0.000000,0.000000,0.000,0.000,Client
2026-07-13 07:09:08,1900-01-00 00:00:00,MyOptimum 89fccf,B0:B3:69:89:FC:D0,-64, WPA2 ,0.000000,0.000000,0.000,0.000,AP
2026-07-13 07:09:08,1900-01-00 00:00:00,MyAltice E5934F,CC:19:A8:E5:93:50,-62, WPA2 ,0.000000,0.000000,0.000,0.000,AP
2026-07-13 07:09:08,1900-01-00 00:00:00,NEWYORK NEWYORK,A4:CF:D2:3D:84:0C,-56, WPA2 ,0.000000,0.000000,0.000,0.000,AP
2026-07-13 07:09:08,1900-01-00 00:00:00,MyAltice fa2046_guest,1E:BF:C0:FA:21:4A,-68, WPA2 ,0.000000,0.000000,0.000,0.000,AP
2026-07-13 07:09:08,1900-01-00 00:00:00,MyAltice DEB0FF,58:FC:20:DE:B1:00,-50, WPA2 ,0.000000,0.000000,0.000,0.000,AP
2026-07-13 07:09:08,1900-01-00 00:00:00,NEWYORK NEWYORK,A4:CF:D2:3D:84:0C,-60, WPA2 ,0.000000,0.000000,0.000,0.000,AP
2026-07-13 07:09:08,1900-01-00 00:00:00,MyAltice fa2046_guest,1E:BF:C0:FA:21:4A,-68, WPA2 ,0.000000,0.000000,0.000,0.000,AP
2026-07-13 07:09:08,1900-01-00 00:00:00,NEWYORK NEWYORK,A4:CF:D2:3D:84:0C,-58, WPA2 ,0.000000,0.000000,0.000,0.000,AP
2026-07-13 07:09:08,1900-01-00 00:00:00,,AC:EC:85:9D:8F:72,-58, WPA2 ,0.000000,0.000000,0.000,0.000,AP
2026-07-13 07:09:08,1900-01-00 00:00:00,,AC:EC:85:9D:8F:76,-54, OPN,0.000000,0.000000,0.000,0.000,AP
2026-07-13 07:09:08,1900-01-00 00:00:00,Faith,AC:EC:85:9D:8F:74,-52, WPA2 ,0.000000,0.000000,0.000,0.000,AP
2026-07-13 07:09:09,1900-01-00 00:00:00,,C0:36:53:0C:71:C4,-54, WPA2 ,0.000000,0.000000,0.000,0.000,AP
2026-07-13 07:09:09,1900-01-00 00:00:00,,C0:36:53:0C:71:C8,-52, OPN,0.000000,0.000000,0.000,0.000,AP
2026-07-13 07:09:09,1900-01-00 00:00:00,Faith,C0:36:53:0C:71:C6,-52, WPA2 ,0.000000,0.000000,0.000,0.000,AP
2026-07-13 07:09:09,1900-01-00 00:00:00,,AC:EC:85:9E:1D:72,-58,,0.000000,0.000000,0.000,0.000,Client
2026-07-13 07:09:09,1900-01-00 00:00:00,,C0:36:53:0C:71:C4,-58,,0.000000,0.000000,0.000,0.000,Client
2026-07-13 07:09:09,1900-01-00 00:00:00,,AC:EC:85:9D:8F:72,-56,,0.000000,0.000000,0.000,0.000,Client
2026-07-13 07:09:09,1900-01-00 00:00:00,MyAltice 6fe395,A4:CF:D2:6F:E3:98,-46, WPA2 ,0.000000,0.000000,0.000,0.000,AP
2026-07-13 07:09:09,1900-01-00 00:00:00,MyOptimum 79c110,94:4E:5B:79:C1:11,-74, WPA2 ,0.000000,0.000000,0.000,0.000,AP
2026-07-13 07:09:09,1900-01-00 00:00:00,MyAltice 6fe395,A4:CF:D2:6F:E3:98,-50, WPA2 ,0.000000,0.000000,0.000,0.000,AP
2026-07-13 07:09:11,1900-01-00 00:00:00,TMOBILE-4B42,CC:B1:48:12:FD:F9,-68, WPA2 ,0.000000,0.000000,0.000,0.000,AP
2026-07-13 07:09:12,1900-01-00 00:00:00,Nena,04:42:1A:42:E0:B0,-62, WPA2 ,0.000000,0.000000,0.000,0.000,AP
2026-07-13 07:09:12,1900-01-00 00:00:00,,D4:F5:47:64:BB:1C,-50,,0.000000,0.000000,0.000,0.000,Client
2026-07-13 07:09:12,1900-01-00 00:00:00,Nena,04:42:1A:42:E0:B0,-58, WPA2 ,0.000000,0.000000,0.000,0.000,AP
2026-07-13 07:09:12,1900-01-00 00:00:00,,08:84:9D:D0:EF:63,-66,,0.000000,0.000000,0.000,0.000,Client
2026-07-13 07:09:12,1900-01-00 00:00:00,MyOptimum 89fccf,B0:B3:69:89:FC:D0,-62, WPA2 ,0.000000,0.000000,0.000,0.000,AP
2026-07-13 07:09:12,1900-01-00 00:00:00,MyAltice DEB0FF,58:FC:20:DE:B1:00,-48, WPA2 ,0.000000,0.000000,0.000,0.000,AP
2026-07-13 07:09:12,1900-01-00 00:00:00,MyAltice E5934F,CC:19:A8:E5:93:50,-64, WPA2 ,0.000000,0.000000,0.000,0.000,AP
2026-07-13 07:09:12,1900-01-00 00:00:00,MyAltice DEB0FF,58:FC:20:DE:B1:00,-50, WPA2 ,0.000000,0.000000,0.000,0.000,AP
2026-07-13 07:09:12,1900-01-00 00:00:00,MyOptimum 89fccf,B0:B3:69:89:FC:D0,-64, WPA2 ,0.000000,0.000000,0.000,0.000,AP
2026-07-13 07:09:12,1900-01-00 00:00:00,MyAltice b517cf,0C:B9:37:B5:17:D2,-74, WPA2 ,0.000000,0.000000,0.000,0.000,AP
2026-07-13 07:09:12,1900-01-00 00:00:00,,AC:EC:85:9E:1D:72,-62, WPA2 ,0.000000,0.000000,0.000,0.000,AP
2026-07-13 07:09:12,1900-01-00 00:00:00,Faith,AC:EC:85:9E:1D:74,-64, WPA2 ,0.000000,0.000000,0.000,0.000,AP
2026-07-13 07:09:12,1900-01-00 00:00:00,,C0:36:53:0C:71:C4,-56, WPA2 ,0.000000,0.000000,0.000,0.000,AP
2026-07-13 07:09:12,1900-01-00 00:00:00,,C0:36:53:0C:71:C8,-58, OPN,0.000000,0.000000,0.000,0.000,AP
2026-07-13 07:09:12,1900-01-00 00:00:00,,AC:EC:85:9D:8F:72,-58, WPA2 ,0.000000,0.000000,0.000,0.000,AP
2026-07-13 07:09:12,1900-01-00 00:00:00,,AC:EC:85:9D:8F:76,-50, OPN,0.000000,0.000000,0.000,0.000,AP
2026-07-13 07:09:12,1900-01-00 00:00:00,Faith,AC:EC:85:9D:8F:74,-64, WPA2 ,0.000000,0.000000,0.000,0.000,AP
2026-07-13 07:09:12,1900-01-00 00:00:00,,AC:EC:85:9E:1D:72,-64,,0.000000,0.000000,0.000,0.000,Client
2026-07-13 07:09:12,1900-01-00 00:00:00,,C0:36:53:0C:71:C4,-56,,0.000000,0.000000,0.000,0.000,Client
2026-07-13 07:09:12,1900-01-00 00:00:00,,AC:EC:85:9D:8F:72,-60,,0.000000,0.000000,0.000,0.000,Client
2026-07-13 07:09:12,1900-01-00 00:00:00,,C0:36:53:0C:71:C4,-56, WPA2 ,0.000000,0.000000,0.000,0.000,AP
2026-07-13 07:09:12,1900-01-00 00:00:00,,C0:36:53:0C:71:C8,-56, OPN,0.000000,0.000000,0.000,0.000,AP
2026-07-13 07:09:12,1900-01-00 00:00:00,,AC:EC:85:9D:8F:72,-56, WPA2 ,0.000000,0.000000,0.000,0.000,AP
2026-07-13 07:09:12,1900-01-00 00:00:00,,AC:EC:85:9D:8F:76,-52, OPN,0.000000,0.000000,0.000,0.000,AP
2026-07-13 07:09:12,1900-01-00 00:00:00,Faith,AC:EC:85:9D:8F:74,-56, WPA2 ,0.000000,0.000000,0.000,0.000,AP
2026-07-13 07:09:13,1900-01-00 00:00:00,MyAltice 6fe395,A4:CF:D2:6F:E3:98,-48, WPA2 ,0.000000,0.000000,0.000,0.000,AP
2026-07-13 07:09:13,1900-01-00 00:00:00,,98:E2:55:68:35:67,-40,,0.000000,0.000000,0.000,0.000,Client
2026-07-13 07:09:13,1900-01-00 00:00:00,MyAltice 6fe395,A4:CF:D2:6F:E3:98,-46, WPA2 ,0.000000,0.000000,0.000,0.000,AP
2026-07-13 07:09:13,1900-01-00 00:00:00,,98:E2:55:68:35:67,-40,,0.000000,0.000000,0.000,0.000,Client
2026-07-13 07:09:13,1900-01-00 00:00:00,MyAltice 6fe395,A4:CF:D2:6F:E3:98,-46, WPA2 ,0.000000,0.000000,0.000,0.000,AP
2026-07-13 07:09:13,1900-01-00 00:00:00,MyAltice 6fe395,A4:CF:D2:6F:E3:98,-44, WPA2 ,0.000000,0.000000,0.000,0.000,AP
2026-07-13 07:09:13,1900-01-00 00:00:00,MyOptimum c9534f,5C:7B:5C:C9:53:50,-74, WPA2 ,0.000000,0.000000,0.000,0.000,AP
2026-07-13 07:09:13,1900-01-00 00:00:00,MyAltice 6fe395,A4:CF:D2:6F:E3:98,-46, WPA2 ,0.000000,0.000000,0.000,0.000,AP
2026-07-13 07:09:15,1900-01-00 00:00:00,,CE:B1:48:02:FD:F9,-68, WPA2 ,0.000000,0.000000,0.000,0.000,AP
2026-07-13 07:09:15,1900-01-00 00:00:00,Nena,04:42:1A:42:E0:B0,-52, WPA2 ,0.000000,0.000000,0.000,0.000,AP
2026-07-13 07:09:16,1900-01-00 00:00:00,Nena,04:42:1A:42:E0:B0,-50, WPA2 ,0.000000,0.000000,0.000,0.000,AP
2026-07-13 07:09:16,1900-01-00 00:00:00,MyAltice fa2046,1C:BF:C0:FA:20:49,-68, WPA2 ,0.000000,0.000000,0.000,0.000,AP
2026-07-13 07:09:16,1900-01-00 00:00:00,NEWYORK NEWYORK,A4:CF:D2:3D:84:0C,-52, WPA2 ,0.000000,0.000000,0.000,0.000,AP
2026-07-13 07:09:16,1900-01-00 00:00:00,MyAltice DEB0FF,58:FC:20:DE:B1:00,-50, WPA2 ,0.000000,0.000000,0.000,0.000,AP
2026-07-13 07:09:16,1900-01-00 00:00:00,MyAltice E5934F,CC:19:A8:E5:93:50,-60, WPA2 ,0.000000,0.000000,0.000,0.000,AP
2026-07-13 07:09:16,1900-01-00 00:00:00,,AC:EC:85:9D:8F:72,-50, WPA2 ,0.000000,0.000000,0.000,0.000,AP
2026-07-13 07:09:16,1900-01-00 00:00:00,,AC:EC:85:9D:8F:76,-56, OPN,0.000000,0.000000,0.000,0.000,AP
2026-07-13 07:09:16,1900-01-00 00:00:00,Faith,AC:EC:85:9D:8F:74,-50, WPA2 ,0.000000,0.000000,0.000,0.000,AP
2026-07-13 07:09:16,1900-01-00 00:00:00,,C0:36:53:0C:71:C4,-58, WPA2 ,0.000000,0.000000,0.000,0.000,AP
2026-07-13 07:09:16,1900-01-00 00:00:00,,C0:36:53:0C:71:C8,-58, OPN,0.000000,0.000000,0.000,0.000,AP
2026-07-13 07:09:16,1900-01-00 00:00:00,Faith,C0:36:53:0C:71:C6,-58, WPA2 ,0.000000,0.000000,0.000,0.000,AP
2026-07-13 07:09:16,1900-01-00 00:00:00,Faith,AC:EC:85:9D:8F:74,-52, WPA2 ,0.000000,0.000000,0.000,0.000,AP
2026-07-13 07:09:16,1900-01-00 00:00:00,Faith,C0:36:53:0C:71:C6,-52, WPA2 ,0.000000,0.000000,0.000,0.000,AP
2026-07-13 07:09:16,1900-01-00 00:00:00,Faith,C0:36:53:0C:71:C6,-58, WPA2 ,0.000000,0.000000,0.000,0.000,AP
2026-07-13 07:09:16,1900-01-00 00:00:00,Faith,C0:36:53:0C:71:C6,-58, WPA2 ,0.000000,0.000000,0.000,0.000,AP
2026-07-13 07:09:16,1900-01-00 00:00:00,Faith,C0:36:53:0C:71:C6,-58, WPA2 ,0.000000,0.000000,0.000,0.000,AP
2026-07-13 07:09:16,1900-01-00 00:00:00,,AC:EC:85:9E:1D:76,-66, OPN,0.000000,0.000000,0.000,0.000,AP
2026-07-13 07:09:16,1900-01-00 00:00:00,,AC:EC:85:9D:8F:72,-58, WPA2 ,0.000000,0.000000,0.000,0.000,AP
2026-07-13 07:09:16,1900-01-00 00:00:00,,AC:EC:85:9D:8F:76,-52, OPN,0.000000,0.000000,0.000,0.000,AP
2026-07-13 07:09:16,1900-01-00 00:00:00,Faith,AC:EC:85:9D:8F:74,-54, WPA2 ,0.000000,0.000000,0.000,0.000,AP
2026-07-13 07:09:16,1900-01-00 00:00:00,,1C:BF:CE:48:D4:F9,-78, ,0.000000,0.000000,0.000,0.000,AP
2026-07-13 07:09:16,1900-01-00 00:00:00,MyAltice 6fe395,A4:CF:D2:6F:E3:98,-46, WPA2 ,0.000000,0.000000,0.000,0.000,AP
2026-07-13 07:09:16,1900-01-00 00:00:00,MyAltice 6fe395,A4:CF:D2:6F:E3:98,-46, WPA2 ,0.000000,0.000000,0.000,0.000,AP
2026-07-13 07:09:16,1900-01-00 00:00:00,MyAltice 6fe395,A4:CF:D2:6F:E3:98,-46, WPA2 ,0.000000,0.000000,0.000,0.000,AP
2026-07-13 07:09:17,1900-01-00 00:00:00,MyAltice 6fe395,A4:CF:D2:6F:E3:98,-48, WPA2 ,0.000000,0.000000,0.000,0.000,AP
2026-07-13 07:09:19,1900-01-00 00:00:00,Nena,04:42:1A:42:E0:B0,-52, WPA2 ,0.000000,0.000000,0.000,0.000,AP
2026-07-13 07:09:19,1900-01-00 00:00:00,Nena,04:42:1A:42:E0:B0,-46, WPA2 ,0.000000,0.000000,0.000,0.000,AP
2026-07-13 07:09:19,1900-01-00 00:00:00,MyAltice DEB0FF,58:FC:20:DE:B1:00,-48, WPA2 ,0.000000,0.000000,0.000,0.000,AP
2026-07-13 07:09:19,1900-01-00 00:00:00,NEWYORK NEWYORK,A4:CF:D2:3D:84:0C,-58, WPA2 ,0.000000,0.000000,0.000,0.000,AP
2026-07-13 07:09:19,1900-01-00 00:00:00,MyAltice fa2046,1C:BF:C0:FA:20:49,-74, WPA2 ,0.000000,0.000000,0.000,0.000,AP
2026-07-13 07:09:19,1900-01-00 00:00:00,MyOptimum 89fccf,B0:B3:69:89:FC:D0,-62, WPA2 ,0.000000,0.000000,0.000,0.000,AP
2026-07-13 07:09:19,1900-01-00 00:00:00,MyAltice DEB0FF,58:FC:20:DE:B1:00,-46, WPA2 ,0.000000,0.000000,0.000,0.000,AP
2026-07-13 07:09:19,1900-01-00 00:00:00,MyAltice DEB0FF,58:FC:20:DE:B1:00,-50, WPA2 ,0.000000,0.000000,0.000,0.000,AP
2026-07-13 07:09:19,1900-01-00 00:00:00,MyAltice DEB0FF,58:FC:20:DE:B1:00,-48, WPA2 ,0.000000,0.000000,0.000,0.000,AP
2026-07-13 07:09:20,1900-01-00 00:00:00,,AC:EC:85:9D:8F:72,-52, WPA2 ,0.000000,0.000000,0.000,0.000,AP
2026-07-13 07:09:20,1900-01-00 00:00:00,,AC:EC:85:9D:8F:76,-54, OPN,0.000000,0.000000,0.000,0.000,AP
2026-07-13 07:09:20,1900-01-00 00:00:00,Faith,AC:EC:85:9D:8F:74,-54, WPA2 ,0.000000,0.000000,0.000,0.000,AP
2026-07-13 07:09:20,1900-01-00 00:00:00,,C0:36:53:0C:71:C4,-56, WPA2 ,0.000000,0.000000,0.000,0.000,AP
2026-07-13 07:09:20,1900-01-00 00:00:00,,C0:36:53:0C:71:C8,-56, OPN,0.000000,0.000000,0.000,0.000,AP
2026-07-13 07:09:20,1900-01-00 00:00:00,Faith,C0:36:53:0C:71:C6,-58, WPA2 ,0.000000,0.000000,0.000,0.000,AP
2026-07-13 07:09:20,1900-01-00 00:00:00,Faith,AC:EC:85:9D:8F:74,-52, WPA2 ,0.000000,0.000000,0.000,0.000,AP
2026-07-13 07:09:20,1900-01-00 00:00:00,,AC:EC:85:9E:1D:72,-64, WPA2 ,0.000000,0.000000,0.000,0.000,AP
2026-07-13 07:09:20,1900-01-00 00:00:00,,C0:36:53:0C:71:C4,-56, WPA2 ,0.000000,0.000000,0.000,0.000,AP
2026-07-13 07:09:20,1900-01-00 00:00:00,,C0:36:53:0C:71:C8,-58, OPN,0.000000,0.000000,0.000,0.000,AP
2026-07-13 07:09:20,1900-01-00 00:00:00,,AC:EC:85:9D:8F:72,-54, WPA2 ,0.000000,0.000000,0.000,0.000,AP
2026-07-13 07:09:20,1900-01-00 00:00:00,,AC:EC:85:9D:8F:76,-50, OPN,0.000000,0.000000,0.000,0.000,AP
2026-07-13 07:09:20,1900-01-00 00:00:00,Faith,AC:EC:85:9D:8F:74,-54, WPA2 ,0.000000,0.000000,0.000,0.000,AP
2026-07-13 07:09:20,1900-01-00 00:00:00,Verizon_3WY6YD,AC:91:9B:B1:60:38,-72, WPA2 ,0.000000,0.000000,0.000,0.000,AP
2026-07-13 07:09:20,1900-01-00 00:00:00,MyAltice 6fe395,A4:CF:D2:6F:E3:98,-56, WPA2 ,0.000000,0.000000,0.000,0.000,AP
2026-07-13 07:09:20,1900-01-00 00:00:00,MyAltice 6fe395,A4:CF:D2:6F:E3:98,-44, WPA2 ,0.000000,0.000000,0.000,0.000,AP
2026-07-13 07:09:20,1900-01-00 00:00:00,MyAltice 6fe395,A4:CF:D2:6F:E3:98,-48, WPA2 ,0.000000,0.000000,0.000,0.000,AP
2026-07-13 07:09:20,1900-01-00 00:00:00,MyAltice 6fe395,A4:CF:D2:6F:E3:98,-42, WPA2 ,0.000000,0.000000,0.000,0.000,AP
2026-07-13 07:09:20,1900-01-00 00:00:00,MyOptimum c9534f,5C:7B:5C:C9:53:50,-74, WPA2 ,0.000000,0.000000,0.000,0.000,AP
2026-07-13 07:09:22,1900-01-00 00:00:00,,CE:B1:48:02:FD:F9,-68, WPA2 ,0.000000,0.000000,0.000,0.000,AP
2026-07-13 07:09:23,1900-01-00 00:00:00,MyAltice fa2046,1C:BF:C0:FA:20:49,-68, WPA2 ,0.000000,0.000000,0.000,0.000,AP
2026-07-13 07:09:23,1900-01-00 00:00:00,NEWYORK NEWYORK,A4:CF:D2:3D:84:0C,-58, WPA2 ,0.000000,0.000000,0.000,0.000,AP
2026-07-13 07:09:23,1900-01-00 00:00:00,MyOptimum 89fccf,B0:B3:69:89:FC:D0,-68, WPA2 ,0.000000,0.000000,0.000,0.000,AP
2026-07-13 07:09:23,1900-01-00 00:00:00,MyAltice DEB0FF,58:FC:20:DE:B1:00,-46, WPA2 ,0.000000,0.000000,0.000,0.000,AP
2026-07-13 07:09:23,1900-01-00 00:00:00,MyAltice E5934F,CC:19:A8:E5:93:50,-62, WPA2 ,0.000000,0.000000,0.000,0.000,AP
2026-07-13 07:09:23,1900-01-00 00:00:00,MyOptimum 89fccf,B0:B3:69:89:FC:D0,-62, WPA2 ,0.000000,0.000000,0.000,0.000,AP
2026-07-13 07:09:23,1900-01-00 00:00:00,MyAltice DEB0FF,58:FC:20:DE:B1:00,-48, WPA2 ,0.000000,0.000000,0.000,0.000,AP
2026-07-13 07:09:23,1900-01-00 00:00:00,MyAltice E5934F,CC:19:A8:E5:93:50,-66, WPA2 ,0.000000,0.000000,0.000,0.000,AP
2026-07-13 07:09:23,1900-01-00 00:00:00,NEWYORK NEWYORK,A4:CF:D2:3D:84:0C,-52, WPA2 ,0.000000,0.000000,0.000,0.000,AP
2026-07-13 07:09:23,1900-01-00 00:00:00,MyAltice DEB0FF,58:FC:20:DE:B1:00,-46, WPA2 ,0.000000,0.000000,0.000,0.000,AP
2026-07-13 07:09:23,1900-01-00 00:00:00,,C0:36:53:0C:71:C4,-58, WPA2 ,0.000000,0.000000,0.000,0.000,AP
2026-07-13 07:09:23,1900-01-00 00:00:00,Faith,C0:36:53:0C:71:C6,-56, WPA2 ,0.000000,0.000000,0.000,0.000,AP
2026-07-13 07:09:23,1900-01-00 00:00:00,,AC:EC:85:9E:1D:72,-68, WPA2 ,0.000000,0.000000,0.000,0.000,AP
2026-07-13 07:09:23,1900-01-00 00:00:00,,AC:EC:85:9D:8F:72,-54, WPA2 ,0.000000,0.000000,0.000,0.000,AP
2026-07-13 07:09:23,1900-01-00 00:00:00,,AC:EC:85:9D:8F:76,-50, OPN,0.000000,0.000000,0.000,0.000,AP
2026-07-13 07:09:23,1900-01-00 00:00:00,Faith,AC:EC:85:9D:8F:74,-54, WPA2 ,0.000000,0.000000,0.000,0.000,AP
2026-07-13 07:09:23,1900-01-00 00:00:00,,AC:EC:85:9E:1D:76,-68, OPN,0.000000,0.000000,0.000,0.000,AP
2026-07-13 07:09:23,1900-01-00 00:00:00,Faith,AC:EC:85:9E:1D:74,-70, WPA2 ,0.000000,0.000000,0.000,0.000,AP
2026-07-13 07:09:23,1900-01-00 00:00:00,,C0:36:53:0C:71:C4,-58, WPA2 ,0.000000,0.000000,0.000,0.000,AP
2026-07-13 07:09:23,1900-01-00 00:00:00,,C0:36:53:0C:71:C8,-56, OPN,0.000000,0.000000,0.000,0.000,AP
2026-07-13 07:09:23,1900-01-00 00:00:00,,AC:EC:85:9D:8F:72,-52, WPA2 ,0.000000,0.000000,0.000,0.000,AP
2026-07-13 07:09:23,1900-01-00 00:00:00,,AC:EC:85:9D:8F:76,-56, OPN,0.000000,0.000000,0.000,0.000,AP
2026-07-13 07:09:23,1900-01-00 00:00:00,Faith,AC:EC:85:9D:8F:74,-52, WPA2 ,0.000000,0.000000,0.000,0.000,AP
2026-07-13 07:09:24,1900-01-00 00:00:00,MyAltice 6fe395,A4:CF:D2:6F:E3:98,-48, WPA2 ,0.000000,0.000000,0.000,0.000,AP
2026-07-13 07:09:24,1900-01-00 00:00:00,MyAltice 6fe395,A4:CF:D2:6F:E3:98,-50, WPA2 ,0.000000,0.000000,0.000,0.000,AP
2026-07-13 07:09:24,1900-01-00 00:00:00,MyAltice 6fe395,A4:CF:D2:6F:E3:98,-48, WPA2 ,0.000000,0.000000,0.000,0.000,AP
2026-07-13 07:09:24,1900-01-00 00:00:00,MyAltice 6fe395,A4:CF:D2:6F:E3:98,-46, WPA2 ,0.000000,0.000000,0.000,0.000,AP
2026-07-13 07:09:25,1900-01-00 00:00:00,,FA:99:57:75:0F:78,-46,,0.000000,0.000000,0.000,0.000,Client
2026-07-13 07:09:25,1900-01-00 00:00:00,,FA:99:57:75:0F:78,-46,,0.000000,0.000000,0.000,0.000,Client
2026-07-13 07:09:26,1900-01-00 00:00:00,,08:84:9D:D0:EF:63,-58,,0.000000,0.000000,0.000,0.000,Client
2026-07-13 07:09:26,1900-01-00 00:00:00,,D0:73:D5:77:08:42,-66,,0.000000,0.000000,0.000,0.000,Client
2026-07-13 07:09:27,1900-01-00 00:00:00,Nena,04:42:1A:42:E0:B0,-52, WPA2 ,0.000000,0.000000,0.000,0.000,AP
2026-07-13 07:09:27,1900-01-00 00:00:00,Nena,04:42:1A:42:E0:B0,-44, WPA2 ,0.000000,0.000000,0.000,0.000,AP
2026-07-13 07:09:27,1900-01-00 00:00:00,,08:3A:8D:E3:7E:2C,-66,,0.000000,0.000000,0.000,0.000,Client
2026-07-13 07:09:27,1900-01-00 00:00:00,Nena,04:42:1A:42:E0:B0,-46, WPA2 ,0.000000,0.000000,0.000,0.000,AP
2026-07-13 07:09:27,1900-01-00 00:00:00,,D0:73:D5:76:8E:E1,-64,,0.000000,0.000000,0.000,0.000,Client
2026-07-13 07:09:27,1900-01-00 00:00:00,MyOptimum 89fccf,B0:B3:69:89:FC:D0,-64, WPA2 ,0.000000,0.000000,0.000,0.000,AP
2026-07-13 07:09:27,1900-01-00 00:00:00,MyAltice DEB0FF,58:FC:20:DE:B1:00,-46, WPA2 ,0.000000,0.000000,0.000,0.000,AP
2026-07-13 07:09:27,1900-01-00 00:00:00,NEWYORK NEWYORK,A4:CF:D2:3D:84:0C,-54, WPA2 ,0.000000,0.000000,0.000,0.000,AP
2026-07-13 07:09:27,1900-01-00 00:00:00,MyAltice DEB0FF,58:FC:20:DE:B1:00,-46, WPA2 ,0.000000,0.000000,0.000,0.000,AP
2026-07-13 07:09:27,1900-01-00 00:00:00,MyAltice fa2046,1C:BF:C0:FA:20:49,-70, WPA2 ,0.000000,0.000000,0.000,0.000,AP
2026-07-13 07:09:27,1900-01-00 00:00:00,NEWYORK NEWYORK,A4:CF:D2:3D:84:0C,-52, WPA2 ,0.000000,0.000000,0.000,0.000,AP
2026-07-13 07:09:27,1900-01-00 00:00:00,MyOptimum 89fccf,B0:B3:69:89:FC:D0,-72, WPA2 ,0.000000,0.000000,0.000,0.000,AP
2026-07-13 07:09:27,1900-01-00 00:00:00,,C0:36:53:0C:71:C4,-60, WPA2 ,0.000000,0.000000,0.000,0.000,AP
2026-07-13 07:09:27,1900-01-00 00:00:00,,AC:EC:85:9D:8F:72,-52, WPA2 ,0.000000,0.000000,0.000,0.000,AP
2026-07-13 07:09:27,1900-01-00 00:00:00,,AC:EC:85:9D:8F:76,-50, OPN,0.000000,0.000000,0.000,0.000,AP
2026-07-13 07:09:27,1900-01-00 00:00:00,Faith,AC:EC:85:9D:8F:74,-52, WPA2 ,0.000000,0.000000,0.000,0.000,AP
2026-07-13 07:09:27,1900-01-00 00:00:00,Faith,AC:EC:85:9D:8F:74,-50, WPA2 ,0.000000,0.000000,0.000,0.000,AP
2026-07-13 07:09:27,1900-01-00 00:00:00,Faith,AC:EC:85:9D:8F:74,-54, WPA2 ,0.000000,0.000000,0.000,0.000,AP
2026-07-13 07:09:27,1900-01-00 00:00:00,Faith,AC:EC:85:9D:8F:74,-54, WPA2 ,0.000000,0.000000,0.000,0.000,AP
2026-07-13 07:09:27,1900-01-00 00:00:00,Faith,AC:EC:85:9D:8F:74,-50, WPA2 ,0.000000,0.000000,0.000,0.000,AP
2026-07-13 07:09:27,1900-01-00 00:00:00,Faith,AC:EC:85:9D:8F:74,-56, WPA2 ,0.000000,0.000000,0.000,0.000,AP
2026-07-13 07:09:27,1900-01-00 00:00:00,Faith,AC:EC:85:9D:8F:74,-52, WPA2 ,0.000000,0.000000,0.000,0.000,AP
2026-07-13 07:09:27,1900-01-00 00:00:00,Faith,AC:EC:85:9D:8F:74,-54, WPA2 ,0.000000,0.000000,0.000,0.000,AP
2026-07-13 07:09:27,1900-01-00 00:00:00,Faith,C0:36:53:0C:71:C6,-54, WPA2 ,0.000000,0.000000,0.000,0.000,AP
2026-07-13 07:09:27,1900-01-00 00:00:00,Faith,C0:36:53:0C:71:C6,-52, WPA2 ,0.000000,0.000000,0.000,0.000,AP
2026-07-13 07:09:27,1900-01-00 00:00:00,,AC:EC:85:9D:8F:72,-58,,0.000000,0.000000,0.000,0.000,Client
2026-07-13 07:09:27,1900-01-00 00:00:00,,C0:36:53:0C:71:C4,-56, WPA2 ,0.000000,0.000000,0.000,0.000,AP
2026-07-13 07:09:27,1900-01-00 00:00:00,,C0:36:53:0C:71:C8,-58, OPN,0.000000,0.000000,0.000,0.000,AP
2026-07-13 07:09:27,1900-01-00 00:00:00,Faith,C0:36:53:0C:71:C6,-58, WPA2 ,0.000000,0.000000,0.000,0.000,AP
2026-07-13 07:09:27,1900-01-00 00:00:00,,AC:EC:85:9D:8F:72,-52, WPA2 ,0.000000,0.000000,0.000,0.000,AP
2026-07-13 07:09:27,1900-01-00 00:00:00,,AC:EC:85:9D:8F:76,-54, OPN,0.000000,0.000000,0.000,0.000,AP
2026-07-13 07:09:27,1900-01-00 00:00:00,Faith,AC:EC:85:9D:8F:74,-52, WPA2 ,0.000000,0.000000,0.000,0.000,AP
2026-07-13 07:09:28,1900-01-00 00:00:00,MyAltice 6fe395,A4:CF:D2:6F:E3:98,-50, WPA2 ,0.000000,0.000000,0.000,0.000,AP
2026-07-13 07:09:28,1900-01-00 00:00:00,MyAltice 6fe395,A4:CF:D2:6F:E3:98,-46, WPA2 ,0.000000,0.000000,0.000,0.000,AP
2026-07-13 07:09:30,1900-01-00 00:00:00,Nena,04:42:1A:42:E0:B0,-44, WPA2 ,0.000000,0.000000,0.000,0.000,AP
2026-07-13 07:09:30,1900-01-00 00:00:00,,08:3A:8D:E3:7E:2C,-66,,0.000000,0.000000,0.000,0.000,Client
2026-07-13 07:09:30,1900-01-00 00:00:00,Nena,04:42:1A:42:E0:B0,-50, WPA2 ,0.000000,0.000000,0.000,0.000,AP
2026-07-13 07:09:30,1900-01-00 00:00:00,MyOptimum 89fccf,B0:B3:69:89:FC:D0,-68, WPA2 ,0.000000,0.000000,0.000,0.000,AP
2026-07-13 07:09:30,1900-01-00 00:00:00,MyAltice DEB0FF,58:FC:20:DE:B1:00,-46, WPA2 ,0.000000,0.000000,0.000,0.000,AP
2026-07-13 07:09:30,1900-01-00 00:00:00,MyAltice 0C863F,58:FC:20:0C:86:40,-72, WPA2 ,0.000000,0.000000,0.000,0.000,AP
2026-07-13 07:09:30,1900-01-00 00:00:00,MyAltice fa2046,1C:BF:C0:FA:20:49,-68, WPA2 ,0.000000,0.000000,0.000,0.000,AP
2026-07-13 07:09:30,1900-01-00 00:00:00,NEWYORK NEWYORK,A4:CF:D2:3D:84:0C,-58, WPA2 ,0.000000,0.000000,0.000,0.000,AP
2026-07-13 07:09:31,1900-01-00 00:00:00,MyAltice fa2046_guest,1E:BF:C0:FA:21:4A,-70, WPA2 ,0.000000,0.000000,0.000,0.000,AP
2026-07-13 07:09:31,1900-01-00 00:00:00,MyOptimum 89fccf,B0:B3:69:89:FC:D0,-66, WPA2 ,0.000000,0.000000,0.000,0.000,AP
2026-07-13 07:09:31,1900-01-00 00:00:00,MyAltice DEB0FF,58:FC:20:DE:B1:00,-62, WPA2 ,0.000000,0.000000,0.000,0.000,AP
2026-07-13 07:09:31,1900-01-00 00:00:00,,AC:EC:85:9D:8F:76,-50, OPN,0.000000,0.000000,0.000,0.000,AP
2026-07-13 07:09:31,1900-01-00 00:00:00,Faith,AC:EC:85:9D:8F:74,-52, WPA2 ,0.000000,0.000000,0.000,0.000,AP
2026-07-13 07:09:31,1900-01-00 00:00:00,,AC:EC:85:9E:1D:72,-62, WPA2 ,0.000000,0.000000,0.000,0.000,AP
2026-07-13 07:09:31,1900-01-00 00:00:00,Faith,AC:EC:85:9E:1D:74,-68, WPA2 ,0.000000,0.000000,0.000,0.000,AP
2026-07-13 07:09:31,1900-01-00 00:00:00,,C0:36:53:0C:71:C4,-54, WPA2 ,0.000000,0.000000,0.000,0.000,AP
2026-07-13 07:09:31,1900-01-00 00:00:00,,C0:36:53:0C:71:C8,-56, OPN,0.000000,0.000000,0.000,0.000,AP
2026-07-13 07:09:31,1900-01-00 00:00:00,Faith,C0:36:53:0C:71:C6,-54, WPA2 ,0.000000,0.000000,0.000,0.000,AP
2026-07-13 07:09:31,1900-01-00 00:00:00,,AC:EC:85:9D:8F:76,-46, OPN,0.000000,0.000000,0.000,0.000,AP
2026-07-13 07:09:31,1900-01-00 00:00:00,Faith,AC:EC:85:9D:8F:74,-46, WPA2 ,0.000000,0.000000,0.000,0.000,AP
2026-07-13 07:09:31,1900-01-00 00:00:00,,C0:36:53:0C:71:C4,-56,,0.000000,0.000000,0.000,0.000,Client
2026-07-13 07:09:31,1900-01-00 00:00:00,,C0:36:53:0C:71:C4,-60, WPA2 ,0.000000,0.000000,0.000,0.000,AP
2026-07-13 07:09:31,1900-01-00 00:00:00,,AC:EC:85:9D:8F:72,-48, WPA2 ,0.000000,0.000000,0.000,0.000,AP
2026-07-13 07:09:31,1900-01-00 00:00:00,,AC:EC:85:9D:8F:76,-48, OPN,0.000000,0.000000,0.000,0.000,AP
2026-07-13 07:09:31,1900-01-00 00:00:00,Faith,AC:EC:85:9D:8F:74,-50, WPA2 ,0.000000,0.000000,0.000,0.000,AP
2026-07-13 07:09:31,1900-01-00 00:00:00,MyAltice 6fe395,A4:CF:D2:6F:E3:98,-56, WPA2 ,0.000000,0.000000,0.000,0.000,AP
2026-07-13 07:09:31,1900-01-00 00:00:00,MyAltice 6fe395,A4:CF:D2:6F:E3:98,-44, WPA2 ,0.000000,0.000000,0.000,0.000,AP
2026-07-13 07:09:32,1900-01-00 00:00:00,,D4:F5:47:64:BB:1C,-50,,0.000000,0.000000,0.000,0.000,Client
2026-07-13 07:09:33,1900-01-00 00:00:00,,04:42:1A:42:E0:B0,-54,,0.000000,0.000000,0.000,0.000,Client
2026-07-13 07:09:33,1900-01-00 00:00:00,,04:42:1A:42:E0:B0,-54,,0.000000,0.000000,0.000,0.000,Client
2026-07-13 07:09:33,1900-01-00 00:00:00,TMOBILE-4B42,CC:B1:48:12:FD:F9,-66, WPA2 ,0.000000,0.000000,0.000,0.000,AP
2026-07-13 07:09:33,1900-01-00 00:00:00,,D4:F5:47:64:BB:1C,-54,,0.000000,0.000000,0.000,0.000,Client
2026-07-13 07:09:33,1900-01-00 00:00:00,,D4:F5:47:64:BB:1C,-52,,0.000000,0.000000,0.000,0.000,Client
2026-07-13 07:09:33,1900-01-00 00:00:00,,CE:B1:48:02:FD:F9,-68, WPA2 ,0.000000,0.000000,0.000,0.000,AP
2026-07-13 07:09:34,1900-01-00 00:00:00,,4C:24:98:9A:E9:24,-62,,0.000000,0.000000,0.000,0.000,Client
2026-07-13 07:09:34,1900-01-00 00:00:00,,D4:F5:47:64:BB:1C,-50,,0.000000,0.000000,0.000,0.000,Client
2026-07-13 07:09:34,1900-01-00 00:00:00,,D4:F5:47:64:BB:1C,-50,,0.000000,0.000000,0.000,0.000,Client
2026-07-13 07:09:34,1900-01-00 00:00:00,Nena,04:42:1A:42:E0:B0,-66, WPA2 ,0.000000,0.000000,0.000,0.000,AP
2026-07-13 07:09:34,1900-01-00 00:00:00,,D4:F5:47:64:BB:1C,-52,,0.000000,0.000000,0.000,0.000,Client
2026-07-13 07:09:34,1900-01-00 00:00:00,,3C:6A:9D:19:06:18,-74,,0.000000,0.000000,0.000,0.000,Client
2026-07-13 07:09:34,1900-01-00 00:00:00,,D4:F5:47:64:BB:1C,-50,,0.000000,0.000000,0.000,0.000,Client
2026-07-13 07:09:34,1900-01-00 00:00:00,,3C:6A:9D:19:06:18,-68,,0.000000,0.000000,0.000,0.000,Client
2026-07-13 07:09:34,1900-01-00 00:00:00,,F4:F5:D8:A3:C3:22,-72,,0.000000,0.000000,0.000,0.000,Client
2026-07-13 07:09:34,1900-01-00 00:00:00,Nena,04:42:1A:42:E0:B0,-62, WPA2 ,0.000000,0.000000,0.000,0.000,AP
2026-07-13 07:09:34,1900-01-00 00:00:00,MyOptimum 89fccf,B0:B3:69:89:FC:D0,-62, WPA2 ,0.000000,0.000000,0.000,0.000,AP
2026-07-13 07:09:34,1900-01-00 00:00:00,MyAltice DEB0FF,58:FC:20:DE:B1:00,-48, WPA2 ,0.000000,0.000000,0.000,0.000,AP
2026-07-13 07:09:34,1900-01-00 00:00:00,NEWYORK NEWYORK,A4:CF:D2:3D:84:0C,-58, WPA2 ,0.000000,0.000000,0.000,0.000,AP
2026-07-13 07:09:34,1900-01-00 00:00:00,MyAltice 0C863F,58:FC:20:0C:86:40,-70, WPA2 ,0.000000,0.000000,0.000,0.000,AP
2026-07-13 07:09:34,1900-01-00 00:00:00,,D4:F5:47:64:BB:1C,-52,,0.000000,0.000000,0.000,0.000,Client
2026-07-13 07:09:34,1900-01-00 00:00:00,,AC:EC:85:9E:1D:72,-52, WPA2 ,0.000000,0.000000,0.000,0.000,AP
2026-07-13 07:09:34,1900-01-00 00:00:00,,AC:EC:85:9E:1D:76,-52, OPN,0.000000,0.000000,0.000,0.000,AP
2026-07-13 07:09:34,1900-01-00 00:00:00,Faith,AC:EC:85:9E:1D:74,-48, WPA2 ,0.000000,0.000000,0.000,0.000,AP
2026-07-13 07:09:34,1900-01-00 00:00:00,,AC:EC:85:9D:8F:72,-46, WPA2 ,0.000000,0.000000,0.000,0.000,AP
2026-07-13 07:09:34,1900-01-00 00:00:00,,AC:EC:85:9D:8F:76,-46, OPN,0.000000,0.000000,0.000,0.000,AP
2026-07-13 07:09:34,1900-01-00 00:00:00,Faith,AC:EC:85:9D:8F:74,-44, WPA2 ,0.000000,0.000000,0.000,0.000,AP
2026-07-13 07:09:34,1900-01-00 00:00:00,,AC:EC:85:9E:1D:76,-52, OPN,0.000000,0.000000,0.000,0.000,AP
2026-07-13 07:09:34,1900-01-00 00:00:00,Faith,AC:EC:85:9E:1D:74,-52, WPA2 ,0.000000,0.000000,0.000,0.000,AP
2026-07-13 07:09:35,1900-01-00 00:00:00,,C0:36:53:0C:71:C4,-56, WPA2 ,0.000000,0.000000,0.000,0.000,AP
2026-07-13 07:09:35,1900-01-00 00:00:00,,C0:36:53:0C:71:C8,-58, OPN,0.000000,0.000000,0.000,0.000,AP
2026-07-13 07:09:35,1900-01-00 00:00:00,Faith,C0:36:53:0C:71:C6,-56, WPA2 ,0.000000,0.000000,0.000,0.000,AP
2026-07-13 07:09:35,1900-01-00 00:00:00,,AC:EC:85:9D:8F:72,-44, WPA2 ,0.000000,0.000000,0.000,0.000,AP
2026-07-13 07:09:35,1900-01-00 00:00:00,,AC:EC:85:9D:8F:76,-46, OPN,0.000000,0.000000,0.000,0.000,AP
2026-07-13 07:09:35,1900-01-00 00:00:00,Faith,AC:EC:85:9D:8F:74,-44, WPA2 ,0.000000,0.000000,0.000,0.000,AP
2026-07-13 07:09:35,1900-01-00 00:00:00,MyAltice 6fe395,A4:CF:D2:6F:E3:98,-50, WPA2 ,0.000000,0.000000,0.000,0.000,AP
2026-07-13 07:09:35,1900-01-00 00:00:00,MyAltice 6fe395,A4:CF:D2:6F:E3:98,-48, WPA2 ,0.000000,0.000000,0.000,0.000,AP
2026-07-13 07:09:35,1900-01-00 00:00:00,MyAltice 6fe395,A4:CF:D2:6F:E3:98,-50, WPA2 ,0.000000,0.000000,0.000,0.000,AP
2026-07-13 07:09:35,1900-01-00 00:00:00,MyAltice 6fe395,A4:CF:D2:6F:E3:98,-48, WPA2 ,0.000000,0.000000,0.000,0.000,AP
2026-07-13 07:09:35,1900-01-00 00:00:00,Verizon_SJW4J7,24:41:FE:D8:2A:B7,-78, WPA2 ,0.000000,0.000000,0.000,0.000,AP
2026-07-13 07:09:35,1900-01-00 00:00:00,MyAltice 6fe395,A4:CF:D2:6F:E3:98,-46, WPA2 ,0.000000,0.000000,0.000,0.000,AP
2026-07-13 07:09:35,1900-01-00 00:00:00,MyOptimum 79c110,94:4E:5B:79:C1:11,-70, WPA2 ,0.000000,0.000000,0.000,0.000,AP
2026-07-13 07:09:35,1900-01-00 00:00:00,MyAltice 6fe395,A4:CF:D2:6F:E3:98,-48, WPA2 ,0.000000,0.000000,0.000,0.000,AP
2026-07-13 07:09:37,1900-01-00 00:00:00,TMOBILE-4B42,CC:B1:48:12:FD:F9,-68, WPA2 ,0.000000,0.000000,0.000,0.000,AP
2026-07-13 07:09:38,1900-01-00 00:00:00,Nena,04:42:1A:42:E0:B0,-70, WPA2 ,0.000000,0.000000,0.000,0.000,AP
2026-07-13 07:09:38,1900-01-00 00:00:00,,3C:6A:9D:16:AE:DF,-70,,0.000000,0.000000,0.000,0.000,Client
2026-07-13 07:09:38,1900-01-00 00:00:00,MyAltice 0C863F,58:FC:20:0C:86:40,-68, WPA2 ,0.000000,0.000000,0.000,0.000,AP
2026-07-13 07:09:38,1900-01-00 00:00:00,MyAltice DEB0FF,58:FC:20:DE:B1:00,-44, WPA2 ,0.000000,0.000000,0.000,0.000,AP
2026-07-13 07:09:38,1900-01-00 00:00:00,MyAltice DEB0FF,58:FC:20:DE:B1:00,-48, WPA2 ,0.000000,0.000000,0.000,0.000,AP
2026-07-13 07:09:38,1900-01-00 00:00:00,MyAltice E5934F,CC:19:A8:E5:93:50,-66, WPA2 ,0.000000,0.000000,0.000,0.000,AP
2026-07-13 07:09:38,1900-01-00 00:00:00,MyAltice fa2046_guest,1E:BF:C0:FA:21:4A,-70, WPA2 ,0.000000,0.000000,0.000,0.000,AP
2026-07-13 07:09:38,1900-01-00 00:00:00,NEWYORK NEWYORK,A4:CF:D2:3D:84:0C,-54, WPA2 ,0.000000,0.000000,0.000,0.000,AP
2026-07-13 07:09:38,1900-01-00 00:00:00,MyAltice DEB0FF,58:FC:20:DE:B1:00,-48, WPA2 ,0.000000,0.000000,0.000,0.000,AP
2026-07-13 07:09:38,1900-01-00 00:00:00,,3C:6A:9D:19:06:18,-68,,0.000000,0.000000,0.000,0.000,Client
2026-07-13 07:09:38,1900-01-00 00:00:00,,AC:EC:85:9E:1D:72,-52, WPA2 ,0.000000,0.000000,0.000,0.000,AP
2026-07-13 07:09:38,1900-01-00 00:00:00,,AC:EC:85:9E:1D:76,-58, OPN,0.000000,0.000000,0.000,0.000,AP
2026-07-13 07:09:38,1900-01-00 00:00:00,Faith,AC:EC:85:9E:1D:74,-56, WPA2 ,0.000000,0.000000,0.000,0.000,AP
2026-07-13 07:09:38,1900-01-00 00:00:00,,C0:36:53:0C:71:C4,-58, WPA2 ,0.000000,0.000000,0.000,0.000,AP
2026-07-13 07:09:38,1900-01-00 00:00:00,,C0:36:53:0C:71:C8,-56, OPN,0.000000,0.000000,0.000,0.000,AP
2026-07-13 07:09:38,1900-01-00 00:00:00,Faith,C0:36:53:0C:71:C6,-54, WPA2 ,0.000000,0.000000,0.000,0.000,AP
2026-07-13 07:09:38,1900-01-00 00:00:00,,AC:EC:85:9D:8F:72,-50, WPA2 ,0.000000,0.000000,0.000,0.000,AP
2026-07-13 07:09:38,1900-01-00 00:00:00,,AC:EC:85:9D:8F:76,-48, OPN,0.000000,0.000000,0.000,0.000,AP
2026-07-13 07:09:38,1900-01-00 00:00:00,Faith,AC:EC:85:9D:8F:74,-48, WPA2 ,0.000000,0.000000,0.000,0.000,AP
2026-07-13 07:09:38,1900-01-00 00:00:00,,3C:6A:9D:19:06:18,-70,,0.000000,0.000000,0.000,0.000,Client
2026-07-13 07:09:38,1900-01-00 00:00:00,,AC:EC:85:9D:8F:72,-54, WPA2 ,0.000000,0.000000,0.000,0.000,AP
2026-07-13 07:09:38,1900-01-00 00:00:00,,AC:EC:85:9E:1D:72,-46, WPA2 ,0.000000,0.000000,0.000,0.000,AP
2026-07-13 07:09:38,1900-01-00 00:00:00,,AC:EC:85:9E:1D:76,-48, OPN,0.000000,0.000000,0.000,0.000,AP
2026-07-13 07:09:38,1900-01-00 00:00:00,Faith,AC:EC:85:9E:1D:74,-46, WPA2 ,0.000000,0.000000,0.000,0.000,AP
2026-07-13 07:09:38,1900-01-00 00:00:00,,C0:36:53:0C:71:C8,-58, OPN,0.000000,0.000000,0.000,0.000,AP
2026-07-13 07:09:38,1900-01-00 00:00:00,Faith,C0:36:53:0C:71:C6,-58, WPA2 ,0.000000,0.000000,0.000,0.000,AP
2026-07-13 07:09:38,1900-01-00 00:00:00,,AC:EC:85:9D:8F:72,-50, WPA2 ,0.000000,0.000000,0.000,0.000,AP
2026-07-13 07:09:38,1900-01-00 00:00:00,,AC:EC:85:9D:8F:76,-50, OPN,0.000000,0.000000,0.000,0.000,AP
2026-07-13 07:09:38,1900-01-00 00:00:00,Faith,AC:EC:85:9D:8F:74,-50, WPA2 ,0.000000,0.000000,0.000,0.000,AP
2026-07-13 07:09:39,1900-01-00 00:00:00,MyAltice 6fe395,A4:CF:D2:6F:E3:98,-48, WPA2 ,0.000000,0.000000,0.000,0.000,AP
2026-07-13 07:09:39,1900-01-00 00:00:00,MyOptimum c9534f,5C:7B:5C:C9:53:50,-74, WPA2 ,0.000000,0.000000,0.000,0.000,AP
2026-07-13 07:09:39,1900-01-00 00:00:00,Verizon_3WY6YD,AC:91:9B:B1:60:38,-72, WPA2 ,0.000000,0.000000,0.000,0.000,AP
2026-07-13 07:09:41,1900-01-00 00:00:00,TMOBILE-4B42,CC:B1:48:12:FD:F9,-68, WPA2 ,0.000000,0.000000,0.000,0.000,AP
2026-07-13 07:09:41,1900-01-00 00:00:00,ismael24,CE:B1:48:22:FD:F9,-66, WPA2 ,0.000000,0.000000,0.000,0.000,AP
2026-07-13 07:09:41,1900-01-00 00:00:00,,CE:B1:48:02:FD:F9,-68, WPA2 ,0.000000,0.000000,0.000,0.000,AP
2026-07-13 07:09:41,1900-01-00 00:00:00,MyOptimum 89fccf,B0:B3:69:89:FC:D0,-68, WPA2 ,0.000000,0.000000,0.000,0.000,AP
2026-07-13 07:09:42,1900-01-00 00:00:00,MyAltice DEB0FF,58:FC:20:DE:B1:00,-48, WPA2 ,0.000000,0.000000,0.000,0.000,AP
2026-07-13 07:09:42,1900-01-00 00:00:00,MyAltice fa2046_guest,1E:BF:C0:FA:21:4A,-70, WPA2 ,0.000000,0.000000,0.000,0.000,AP
2026-07-13 07:09:42,1900-01-00 00:00:00,NEWYORK NEWYORK,A4:CF:D2:3D:84:0C,-58, WPA2 ,0.000000,0.000000,0.000,0.000,AP
2026-07-13 07:09:42,1900-01-00 00:00:00,MyAltice DEB0FF,58:FC:20:DE:B1:00,-86, WPA2 ,0.000000,0.000000,0.000,0.000,AP
2026-07-13 07:09:42,1900-01-00 00:00:00,MyAltice fa2046,1C:BF:C0:FA:20:49,-70, WPA2 ,0.000000,0.000000,0.000,0.000,AP
2026-07-13 07:09:42,1900-01-00 00:00:00,NEWYORK NEWYORK,A4:CF:D2:3D:84:0C,-58, WPA2 ,0.000000,0.000000,0.000,0.000,AP
2026-07-13 07:09:42,1900-01-00 00:00:00,MyAltice fa2046,1C:BF:C0:FA:20:49,-68, WPA2 ,0.000000,0.000000,0.000,0.000,AP
2026-07-13 07:09:42,1900-01-00 00:00:00,,AC:EC:85:9D:8F:72,-44, WPA2 ,0.000000,0.000000,0.000,0.000,AP
2026-07-13 07:09:42,1900-01-00 00:00:00,,AC:EC:85:9D:8F:76,-48, OPN,0.000000,0.000000,0.000,0.000,AP
2026-07-13 07:09:42,1900-01-00 00:00:00,Faith,AC:EC:85:9D:8F:74,-46, WPA2 ,0.000000,0.000000,0.000,0.000,AP
2026-07-13 07:09:42,1900-01-00 00:00:00,,AC:EC:85:9D:8F:72,-46, WPA2 ,0.000000,0.000000,0.000,0.000,AP
2026-07-13 07:09:42,1900-01-00 00:00:00,Faith,AC:EC:85:9D:8F:74,-46, WPA2 ,0.000000,0.000000,0.000,0.000,AP
2026-07-13 07:09:42,1900-01-00 00:00:00,MyAltice 6fe395,A4:CF:D2:6F:E3:98,-50, WPA2 ,0.000000,0.000000,0.000,0.000,AP
2026-07-13 07:09:42,1900-01-00 00:00:00,Verizon_SJW4J7,24:41:FE:D8:2A:B7,-74, WPA2 ,0.000000,0.000000,0.000,0.000,AP
2026-07-13 07:09:42,1900-01-00 00:00:00,MyAltice 6fe395,A4:CF:D2:6F:E3:98,-50, WPA2 ,0.000000,0.000000,0.000,0.000,AP
2026-07-13 07:09:45,1900-01-00 00:00:00,ismael24,CE:B1:48:22:FD:F9,-70, WPA2 ,0.000000,0.000000,0.000,0.000,AP
2026-07-13 07:09:45,1900-01-00 00:00:00,Nena,04:42:1A:42:E0:B0,-66, WPA2 ,0.000000,0.000000,0.000,0.000,AP
2026-07-13 07:09:45,1900-01-00 00:00:00,MyAltice DEB0FF,58:FC:20:DE:B1:00,-46, WPA2 ,0.000000,0.000000,0.000,0.000,AP
2026-07-13 07:09:45,1900-01-00 00:00:00,MyAltice E5934F,CC:19:A8:E5:93:50,-64, WPA2 ,0.000000,0.000000,0.000,0.000,AP
2026-07-13 07:09:45,1900-01-00 00:00:00,MyAltice 0C863F,58:FC:20:0C:86:40,-70, WPA2 ,0.000000,0.000000,0.000,0.000,AP
2026-07-13 07:09:45,1900-01-00 00:00:00,MyAltice DEB0FF,58:FC:20:DE:B1:00,-48, WPA2 ,0.000000,0.000000,0.000,0.000,AP
2026-07-13 07:09:45,1900-01-00 00:00:00,,AC:EC:85:9E:1D:72,-58, WPA2 ,0.000000,0.000000,0.000,0.000,AP
2026-07-13 07:09:45,1900-01-00 00:00:00,,AC:EC:85:9E:1D:76,-58, OPN,0.000000,0.000000,0.000,0.000,AP
2026-07-13 07:09:45,1900-01-00 00:00:00,Faith,AC:EC:85:9E:1D:74,-60, WPA2 ,0.000000,0.000000,0.000,0.000,AP
2026-07-13 07:09:45,1900-01-00 00:00:00,,C0:36:53:0C:71:C4,-60, WPA2 ,0.000000,0.000000,0.000,0.000,AP
2026-07-13 07:09:45,1900-01-00 00:00:00,,C0:36:53:0C:71:C8,-58, OPN,0.000000,0.000000,0.000,0.000,AP
2026-07-13 07:09:45,1900-01-00 00:00:00,Faith,C0:36:53:0C:71:C6,-60, WPA2 ,0.000000,0.000000,0.000,0.000,AP
2026-07-13 07:09:45,1900-01-00 00:00:00,,AC:EC:85:9D:8F:72,-46, WPA2 ,0.000000,0.000000,0.000,0.000,AP
2026-07-13 07:09:45,1900-01-00 00:00:00,,AC:EC:85:9D:8F:76,-46, OPN,0.000000,0.000000,0.000,0.000,AP
2026-07-13 07:09:45,1900-01-00 00:00:00,Faith,AC:EC:85:9D:8F:74,-38, WPA2 ,0.000000,0.000000,0.000,0.000,AP
2026-07-13 07:09:45,1900-01-00 00:00:00,,AC:EC:85:9D:8F:72,-44, WPA2 ,0.000000,0.000000,0.000,0.000,AP
2026-07-13 07:09:45,1900-01-00 00:00:00,,AC:EC:85:9D:8F:76,-48, OPN,0.000000,0.000000,0.000,0.000,AP
2026-07-13 07:09:45,1900-01-00 00:00:00,Faith,AC:EC:85:9D:8F:74,-48, WPA2 ,0.000000,0.000000,0.000,0.000,AP
2026-07-13 07:09:46,1900-01-00 00:00:00,,AC:EC:85:9D:8F:72,-44, WPA2 ,0.000000,0.000000,0.000,0.000,AP
2026-07-13 07:09:46,1900-01-00 00:00:00,,AC:EC:85:9D:8F:76,-46, OPN,0.000000,0.000000,0.000,0.000,AP
2026-07-13 07:09:46,1900-01-00 00:00:00,Faith,AC:EC:85:9D:8F:74,-48, WPA2 ,0.000000,0.000000,0.000,0.000,AP
2026-07-13 07:09:46,1900-01-00 00:00:00,,C0:36:53:0C:71:C4,-56,,0.000000,0.000000,0.000,0.000,Client
2026-07-13 07:09:46,1900-01-00 00:00:00,,AC:EC:85:9D:8F:72,-46,,0.000000,0.000000,0.000,0.000,Client
2026-07-13 07:09:46,1900-01-00 00:00:00,,AC:EC:85:9E:1D:72,-58,,0.000000,0.000000,0.000,0.000,Client
2026-07-13 07:09:46,1900-01-00 00:00:00,,26:79:1A:A1:D8:CE,-50,,0.000000,0.000000,0.000,0.000,Client
2026-07-13 07:09:46,1900-01-00 00:00:00,MyAltice 6fe395,A4:CF:D2:6F:E3:98,-48, WPA2 ,0.000000,0.000000,0.000,0.000,AP
2026-07-13 07:09:46,1900-01-00 00:00:00,MyAltice 6fe395,A4:CF:D2:6F:E3:98,-48, WPA2 ,0.000000,0.000000,0.000,0.000,AP
2026-07-13 07:09:46,1900-01-00 00:00:00,MyAltice 6fe395,A4:CF:D2:6F:E3:98,-48, WPA2 ,0.000000,0.000000,0.000,0.000,AP
2026-07-13 07:09:46,1900-01-00 00:00:00,MyAltice 6fe395,A4:CF:D2:6F:E3:98,-48, WPA2 ,0.000000,0.000000,0.000,0.000,AP
2026-07-13 07:09:46,1900-01-00 00:00:00,,26:79:1A:A1:D8:CE,-50,,0.000000,0.000000,0.000,0.000,Client
2026-07-13 07:09:46,1900-01-00 00:00:00,MyAltice 6fe395,A4:CF:D2:6F:E3:98,-48, WPA2 ,0.000000,0.000000,0.000,0.000,AP
2026-07-13 07:09:46,1900-01-00 00:00:00,MyAltice 6fe395,A4:CF:D2:6F:E3:98,-48, WPA2 ,0.000000,0.000000,0.000,0.000,AP
2026-07-13 07:09:48,1900-01-00 00:00:00,,08:84:9D:D0:EF:63,-60,,0.000000,0.000000,0.000,0.000,Client
2026-07-13 07:09:49,1900-01-00 00:00:00,Nena,04:42:1A:42:E0:B0,-64, WPA2 ,0.000000,0.000000,0.000,0.000,AP
2026-07-13 07:09:49,1900-01-00 00:00:00,,D0:73:D5:76:8E:D2,-64,,0.000000,0.000000,0.000,0.000,Client
2026-07-13 07:09:49,1900-01-00 00:00:00,NEWYORK NEWYORK,A4:CF:D2:3D:84:0C,-64, WPA2 ,0.000000,0.000000,0.000,0.000,AP
2026-07-13 07:09:49,1900-01-00 00:00:00,MyOptimum 89fccf,B0:B3:69:89:FC:D0,-68, WPA2 ,0.000000,0.000000,0.000,0.000,AP
2026-07-13 07:09:49,1900-01-00 00:00:00,MyAltice DEB0FF,58:FC:20:DE:B1:00,-42, WPA2 ,0.000000,0.000000,0.000,0.000,AP
2026-07-13 07:09:49,1900-01-00 00:00:00,MyAltice E5934F,CC:19:A8:E5:93:50,-64, WPA2 ,0.000000,0.000000,0.000,0.000,AP
2026-07-13 07:09:49,1900-01-00 00:00:00,MyAltice DEB0FF,58:FC:20:DE:B1:00,-46, WPA2 ,0.000000,0.000000,0.000,0.000,AP
2026-07-13 07:09:49,1900-01-00 00:00:00,MyOptimum 89fccf,B0:B3:69:89:FC:D0,-66, WPA2 ,0.000000,0.000000,0.000,0.000,AP
2026-07-13 07:09:49,1900-01-00 00:00:00,MyOptimum 89fccf,B0:B3:69:89:FC:D0,-68, WPA2 ,0.000000,0.000000,0.000,0.000,AP
2026-07-13 07:09:49,1900-01-00 00:00:00,,AC:EC:85:9E:1D:76,-58, OPN,0.000000,0.000000,0.000,0.000,AP
2026-07-13 07:09:49,1900-01-00 00:00:00,Faith,AC:EC:85:9E:1D:74,-56, WPA2 ,0.000000,0.000000,0.000,0.000,AP
2026-07-13 07:09:49,1900-01-00 00:00:00,,C0:36:53:0C:71:C4,-58, WPA2 ,0.000000,0.000000,0.000,0.000,AP
2026-07-13 07:09:49,1900-01-00 00:00:00,,C0:36:53:0C:71:C8,-56, OPN,0.000000,0.000000,0.000,0.000,AP
2026-07-13 07:09:49,1900-01-00 00:00:00,,AC:EC:85:9D:8F:72,-46, WPA2 ,0.000000,0.000000,0.000,0.000,AP
2026-07-13 07:09:49,1900-01-00 00:00:00,,AC:EC:85:9D:8F:76,-48, OPN,0.000000,0.000000,0.000,0.000,AP
2026-07-13 07:09:49,1900-01-00 00:00:00,Faith,AC:EC:85:9D:8F:74,-46, WPA2 ,0.000000,0.000000,0.000,0.000,AP
2026-07-13 07:09:49,1900-01-00 00:00:00,,AC:EC:85:9E:1D:72,-56, WPA2 ,0.000000,0.000000,0.000,0.000,AP
2026-07-13 07:09:49,1900-01-00 00:00:00,,AC:EC:85:9E:1D:76,-54, OPN,0.000000,0.000000,0.000,0.000,AP
2026-07-13 07:09:49,1900-01-00 00:00:00,Faith,AC:EC:85:9E:1D:74,-58, WPA2 ,0.000000,0.000000,0.000,0.000,AP
2026-07-13 07:09:49,1900-01-00 00:00:00,,C0:36:53:0C:71:C4,-54, WPA2 ,0.000000,0.000000,0.000,0.000,AP
2026-07-13 07:09:49,1900-01-00 00:00:00,,C0:36:53:0C:71:C8,-56, OPN,0.000000,0.000000,0.000,0.000,AP
2026-07-13 07:09:49,1900-01-00 00:00:00,Faith,C0:36:53:0C:71:C6,-56, WPA2 ,0.000000,0.000000,0.000,0.000,AP
2026-07-13 07:09:49,1900-01-00 00:00:00,,AC:EC:85:9D:8F:72,-46, WPA2 ,0.000000,0.000000,0.000,0.000,AP
2026-07-13 07:09:49,1900-01-00 00:00:00,,AC:EC:85:9D:8F:76,-48, OPN,0.000000,0.000000,0.000,0.000,AP
2026-07-13 07:09:49,1900-01-00 00:00:00,Faith,AC:EC:85:9D:8F:74,-46, WPA2 ,0.000000,0.000000,0.000,0.000,AP
2026-07-13 07:09:49,1900-01-00 00:00:00,Galweb,1C:BF:CE:48:D4:F9,-76, WPA2  WPA ,0.000000,0.000000,0.000,0.000,AP
2026-07-13 07:09:49,1900-01-00 00:00:00,,AC:EC:85:9E:1D:72,-56,,0.000000,0.000000,0.000,0.000,Client
2026-07-13 07:09:50,1900-01-00 00:00:00,MyAltice 6fe395,A4:CF:D2:6F:E3:98,-50, WPA2 ,0.000000,0.000000,0.000,0.000,AP
2026-07-13 07:09:50,1900-01-00 00:00:00,MyAltice 6fe395,A4:CF:D2:6F:E3:98,-48, WPA2 ,0.000000,0.000000,0.000,0.000,AP
2026-07-13 07:09:50,1900-01-00 00:00:00,MyAltice 6fe395,A4:CF:D2:6F:E3:98,-50, WPA2 ,0.000000,0.000000,0.000,0.000,AP
2026-07-13 07:09:50,1900-01-00 00:00:00,MyAltice 6fe395,A4:CF:D2:6F:E3:98,-48, WPA2 ,0.000000,0.000000,0.000,0.000,AP
2026-07-13 07:09:52,1900-01-00 00:00:00,ismael24,CE:B1:48:22:FD:F9,-68, WPA2 ,0.000000,0.000000,0.000,0.000,AP
2026-07-13 07:09:52,1900-01-00 00:00:00,ismael24,CE:B1:48:22:FD:F9,-68, WPA2 ,0.000000,0.000000,0.000,0.000,AP
2026-07-13 07:09:52,1900-01-00 00:00:00,ismael24,CE:B1:48:22:FD:F9,-68, WPA2 ,0.000000,0.000000,0.000,0.000,AP
2026-07-13 07:09:52,1900-01-00 00:00:00,,D0:73:D5:76:79:16,-68,,0.000000,0.000000,0.000,0.000,Client
2026-07-13 07:09:52,1900-01-00 00:00:00,Nena,04:42:1A:42:E0:B0,-62, WPA2 ,0.000000,0.000000,0.000,0.000,AP
2026-07-13 07:09:52,1900-01-00 00:00:00,,D0:73:D5:76:79:16,-68,,0.000000,0.000000,0.000,0.000,Client
2026-07-13 07:09:52,1900-01-00 00:00:00,,D0:73:D5:77:0C:83,-66,,0.000000,0.000000,0.000,0.000,Client
2026-07-13 07:09:52,1900-01-00 00:00:00,,D0:73:D5:76:79:16,-70,,0.000000,0.000000,0.000,0.000,Client
2026-07-13 07:09:52,1900-01-00 00:00:00,,D0:73:D5:76:79:16,-70,,0.000000,0.000000,0.000,0.000,Client
2026-07-13 07:09:52,1900-01-00 00:00:00,MyAltice fa2046_guest,1E:BF:C0:FA:21:4A,-72, WPA2 ,0.000000,0.000000,0.000,0.000,AP
2026-07-13 07:09:52,1900-01-00 00:00:00,MyAltice DEB0FF,58:FC:20:DE:B1:00,-46, WPA2 ,0.000000,0.000000,0.000,0.000,AP
2026-07-13 07:09:52,1900-01-00 00:00:00,MyAltice E5934F,CC:19:A8:E5:93:50,-62, WPA2 ,0.000000,0.000000,0.000,0.000,AP
2026-07-13 07:09:53,1900-01-00 00:00:00,MyAltice fa2046,1C:BF:C0:FA:20:49,-72, WPA2 ,0.000000,0.000000,0.000,0.000,AP
2026-07-13 07:09:53,1900-01-00 00:00:00,NEWYORK NEWYORK,A4:CF:D2:3D:84:0C,-58, WPA2 ,0.000000,0.000000,0.000,0.000,AP
2026-07-13 07:09:53,1900-01-00 00:00:00,MyOptimum 89fccf,B0:B3:69:89:FC:D0,-66, WPA2 ,0.000000,0.000000,0.000,0.000,AP
2026-07-13 07:09:53,1900-01-00 00:00:00,NEWYORK NEWYORK,A4:CF:D2:3D:84:0C,-58, WPA2 ,0.000000,0.000000,0.000,0.000,AP
2026-07-13 07:09:53,1900-01-00 00:00:00,NEWYORK NEWYORK,A4:CF:D2:3D:84:0C,-60, WPA2 ,0.000000,0.000000,0.000,0.000,AP
2026-07-13 07:09:53,1900-01-00 00:00:00,MyAltice DEB0FF,58:FC:20:DE:B1:00,-48, WPA2 ,0.000000,0.000000,0.000,0.000,AP
2026-07-13 07:09:53,1900-01-00 00:00:00,MyAltice fa2046,1C:BF:C0:FA:20:49,-72, WPA2 ,0.000000,0.000000,0.000,0.000,AP
2026-07-13 07:09:53,1900-01-00 00:00:00,MyAltice fa2046_guest,1E:BF:C0:FA:21:4A,-72, WPA2 ,0.000000,0.000000,0.000,0.000,AP
2026-07-13 07:09:53,1900-01-00 00:00:00,,AC:EC:85:9E:1D:72,-56, WPA2 ,0.000000,0.000000,0.000,0.000,AP
2026-07-13 07:09:53,1900-01-00 00:00:00,,AC:EC:85:9E:1D:76,-56, OPN,0.000000,0.000000,0.000,0.000,AP
2026-07-13 07:09:53,1900-01-00 00:00:00,Faith,AC:EC:85:9E:1D:74,-56, WPA2 ,0.000000,0.000000,0.000,0.000,AP
2026-07-13 07:09:53,1900-01-00 00:00:00,,C0:36:53:0C:71:C4,-58, WPA2 ,0.000000,0.000000,0.000,0.000,AP
2026-07-13 07:09:53,1900-01-00 00:00:00,,C0:36:53:0C:71:C8,-54, OPN,0.000000,0.000000,0.000,0.000,AP
2026-07-13 07:09:53,1900-01-00 00:00:00,Faith,C0:36:53:0C:71:C6,-56, WPA2 ,0.000000,0.000000,0.000,0.000,AP
2026-07-13 07:09:53,1900-01-00 00:00:00,,AC:EC:85:9D:8F:76,-42, OPN,0.000000,0.000000,0.000,0.000,AP
2026-07-13 07:09:53,1900-01-00 00:00:00,Faith,AC:EC:85:9D:8F:74,-42, WPA2 ,0.000000,0.000000,0.000,0.000,AP
2026-07-13 07:09:53,1900-01-00 00:00:00,,AC:EC:85:9E:1D:72,-52, WPA2 ,0.000000,0.000000,0.000,0.000,AP
2026-07-13 07:09:53,1900-01-00 00:00:00,,AC:EC:85:9E:1D:76,-58, OPN,0.000000,0.000000,0.000,0.000,AP
2026-07-13 07:09:53,1900-01-00 00:00:00,Faith,AC:EC:85:9E:1D:74,-56, WPA2 ,0.000000,0.000000,0.000,0.000,AP
2026-07-13 07:09:53,1900-01-00 00:00:00,,C0:36:53:0C:71:C4,-54, WPA2 ,0.000000,0.000000,0.000,0.000,AP
2026-07-13 07:09:53,1900-01-00 00:00:00,,C0:36:53:0C:71:C8,-56, OPN,0.000000,0.000000,0.000,0.000,AP
2026-07-13 07:09:53,1900-01-00 00:00:00,Faith,C0:36:53:0C:71:C6,-56, WPA2 ,0.000000,0.000000,0.000,0.000,AP
2026-07-13 07:09:53,1900-01-00 00:00:00,,AC:EC:85:9D:8F:72,-48, WPA2 ,0.000000,0.000000,0.000,0.000,AP
2026-07-13 07:09:53,1900-01-00 00:00:00,,AC:EC:85:9D:8F:76,-48, OPN,0.000000,0.000000,0.000,0.000,AP
2026-07-13 07:09:53,1900-01-00 00:00:00,Faith,AC:EC:85:9D:8F:74,-42, WPA2 ,0.000000,0.000000,0.000,0.000,AP
2026-07-13 07:09:53,1900-01-00 00:00:00,MyAltice 6fe395,A4:CF:D2:6F:E3:98,-50, WPA2 ,0.000000,0.000000,0.000,0.000,AP
2026-07-13 07:09:53,1900-01-00 00:00:00,MyOptimum c9534f,5C:7B:5C:C9:53:50,-74, WPA2 ,0.000000,0.000000,0.000,0.000,AP
2026-07-13 07:09:53,1900-01-00 00:00:00,MyAltice 6fe395,A4:CF:D2:6F:E3:98,-46, WPA2 ,0.000000,0.000000,0.000,0.000,AP
2026-07-13 07:09:53,1900-01-00 00:00:00,MyAltice 6fe395,A4:CF:D2:6F:E3:98,-48, WPA2 ,0.000000,0.000000,0.000,0.000,AP
2026-07-13 07:09:53,1900-01-00 00:00:00,MyAltice 6fe395,A4:CF:D2:6F:E3:98,-48, WPA2 ,0.000000,0.000000,0.000,0.000,AP
2026-07-13 07:09:55,1900-01-00 00:00:00,TMOBILE-4B42,CC:B1:48:12:FD:F9,-66, WPA2 ,0.000000,0.000000,0.000,0.000,AP
2026-07-13 07:09:55,1900-01-00 00:00:00,,CE:B1:48:02:FD:F9,-68, WPA2 ,0.000000,0.000000,0.000,0.000,AP
2026-07-13 07:09:56,1900-01-00 00:00:00,Nena,04:42:1A:42:E0:B0,-60, WPA2 ,0.000000,0.000000,0.000,0.000,AP
2026-07-13 07:09:56,1900-01-00 00:00:00,Nena,04:42:1A:42:E0:B0,-52, WPA2 ,0.000000,0.000000,0.000,0.000,AP
2026-07-13 07:09:56,1900-01-00 00:00:00,MyAltice DEB0FF,58:FC:20:DE:B1:00,-48, WPA2 ,0.000000,0.000000,0.000,0.000,AP
2026-07-13 07:09:56,1900-01-00 00:00:00,MyOptimum 89fccf,B0:B3:69:89:FC:D0,-64, WPA2 ,0.000000,0.000000,0.000,0.000,AP
2026-07-13 07:09:56,1900-01-00 00:00:00,MyOptimum 89fccf,B0:B3:69:89:FC:D0,-62, WPA2 ,0.000000,0.000000,0.000,0.000,AP
2026-07-13 07:09:56,1900-01-00 00:00:00,MyAltice 0C863F,58:FC:20:0C:86:40,-74, WPA2 ,0.000000,0.000000,0.000,0.000,AP
2026-07-13 07:09:56,1900-01-00 00:00:00,NEWYORK NEWYORK,A4:CF:D2:3D:84:0C,-54, WPA2 ,0.000000,0.000000,0.000,0.000,AP
2026-07-13 07:09:56,1900-01-00 00:00:00,MyOptimum 89fccf,B0:B3:69:89:FC:D0,-66, WPA2 ,0.000000,0.000000,0.000,0.000,AP
2026-07-13 07:09:56,1900-01-00 00:00:00,MyAltice DEB0FF,58:FC:20:DE:B1:00,-48, WPA2 ,0.000000,0.000000,0.000,0.000,AP
2026-07-13 07:09:56,1900-01-00 00:00:00,MyAltice E5934F,CC:19:A8:E5:93:50,-64, WPA2 ,0.000000,0.000000,0.000,0.000,AP
2026-07-13 07:09:56,1900-01-00 00:00:00,NEWYORK NEWYORK,A4:CF:D2:3D:84:0C,-58, WPA2 ,0.000000,0.000000,0.000,0.000,AP
2026-07-13 07:09:56,1900-01-00 00:00:00,,AC:EC:85:9E:1D:72,-58, WPA2 ,0.000000,0.000000,0.000,0.000,AP
2026-07-13 07:09:56,1900-01-00 00:00:00,,AC:EC:85:9E:1D:76,-60, OPN,0.000000,0.000000,0.000,0.000,AP
2026-07-13 07:09:56,1900-01-00 00:00:00,Faith,AC:EC:85:9E:1D:74,-58, WPA2 ,0.000000,0.000000,0.000,0.000,AP
2026-07-13 07:09:56,1900-01-00 00:00:00,,C0:36:53:0C:71:C4,-56, WPA2 ,0.000000,0.000000,0.000,0.000,AP
2026-07-13 07:09:56,1900-01-00 00:00:00,,C0:36:53:0C:71:C8,-60, OPN,0.000000,0.000000,0.000,0.000,AP
2026-07-13 07:09:56,1900-01-00 00:00:00,Faith,C0:36:53:0C:71:C6,-58, WPA2 ,0.000000,0.000000,0.000,0.000,AP
2026-07-13 07:09:56,1900-01-00 00:00:00,,AC:EC:85:9D:8F:72,-46, WPA2 ,0.000000,0.000000,0.000,0.000,AP
2026-07-13 07:09:56,1900-01-00 00:00:00,,AC:EC:85:9D:8F:76,-46, OPN,0.000000,0.000000,0.000,0.000,AP
2026-07-13 07:09:56,1900-01-00 00:00:00,Faith,AC:EC:85:9D:8F:74,-44, WPA2 ,0.000000,0.000000,0.000,0.000,AP
2026-07-13 07:09:57,1900-01-00 00:00:00,,AC:EC:85:9E:1D:76,-54, OPN,0.000000,0.000000,0.000,0.000,AP
2026-07-13 07:09:57,1900-01-00 00:00:00,Faith,AC:EC:85:9E:1D:74,-52, WPA2 ,0.000000,0.000000,0.000,0.000,AP
2026-07-13 07:09:57,1900-01-00 00:00:00,,AC:EC:85:9D:8F:72,-44, WPA2 ,0.000000,0.000000,0.000,0.000,AP
2026-07-13 07:09:57,1900-01-00 00:00:00,,AC:EC:85:9D:8F:76,-44, OPN,0.000000,0.000000,0.000,0.000,AP
2026-07-13 07:09:57,1900-01-00 00:00:00,Faith,AC:EC:85:9D:8F:74,-44, WPA2 ,0.000000,0.000000,0.000,0.000,AP
2026-07-13 07:09:57,1900-01-00 00:00:00,,AC:EC:85:9E:1D:72,-60, WPA2 ,0.000000,0.000000,0.000,0.000,AP
2026-07-13 07:09:57,1900-01-00 00:00:00,,AC:EC:85:9E:1D:76,-52, OPN,0.000000,0.000000,0.000,0.000,AP
2026-07-13 07:09:57,1900-01-00 00:00:00,Faith,AC:EC:85:9E:1D:74,-58, WPA2 ,0.000000,0.000000,0.000,0.000,AP
2026-07-13 07:09:57,1900-01-00 00:00:00,,C0:36:53:0C:71:C4,-58, WPA2 ,0.000000,0.000000,0.000,0.000,AP
2026-07-13 07:09:57,1900-01-00 00:00:00,,C0:36:53:0C:71:C8,-52, OPN,0.000000,0.000000,0.000,0.000,AP
2026-07-13 07:09:57,1900-01-00 00:00:00,Faith,C0:36:53:0C:71:C6,-52, WPA2 ,0.000000,0.000000,0.000,0.000,AP
2026-07-13 07:09:57,1900-01-00 00:00:00,,AC:EC:85:9D:8F:76,-46, OPN,0.000000,0.000000,0.000,0.000,AP
2026-07-13 07:09:57,1900-01-00 00:00:00,Faith,AC:EC:85:9D:8F:74,-44, WPA2 ,0.000000,0.000000,0.000,0.000,AP
