"Time","{src_ip=""192.168.1.157""}"
2026-07-15 07:39:15,1
2026-07-15 07:39:20,1
2026-07-15 07:39:25,1
2026-07-15 07:39:30,1
2026-07-15 07:39:35,1
2026-07-15 07:39:40,1
2026-07-15 07:39:45,1
2026-07-15 07:39:50,1
2026-07-15 07:39:55,1
2026-07-15 07:40:00,1
2026-07-15 07:40:05,2
2026-07-15 07:40:10,2
2026-07-15 07:40:15,1
2026-07-15 07:40:20,1
2026-07-15 07:40:25,1
2026-07-15 07:40:30,1
2026-07-15 07:40:35,1
2026-07-15 07:40:40,1
2026-07-15 07:40:45,1
2026-07-15 07:40:50,1
2026-07-15 07:40:55,1
2026-07-15 07:41:00,1
2026-07-15 07:43:05,1
2026-07-15 07:43:10,1
2026-07-15 07:43:15,1
2026-07-15 07:43:20,1
2026-07-15 07:43:25,1
2026-07-15 07:43:30,1
2026-07-15 07:43:35,1
2026-07-15 07:43:40,1
2026-07-15 07:43:45,1
2026-07-15 07:43:50,1
2026-07-15 07:43:55,1
2026-07-15 07:44:00,1
2026-07-15 07:44:05,1
2026-07-15 07:44:10,1
2026-07-15 07:44:15,1
2026-07-15 07:44:20,1
2026-07-15 07:44:25,1
2026-07-15 07:44:30,1
2026-07-15 07:44:35,1
2026-07-15 07:44:40,1
2026-07-15 07:44:45,1
2026-07-15 07:44:50,1
2026-07-15 07:44:55,1
2026-07-15 07:45:00,1