"Time","{src_ip=""1.1.168.192""}"
2026-07-15 07:38:15,1
2026-07-15 07:38:20,1
2026-07-15 07:38:25,1
2026-07-15 07:38:30,1
2026-07-15 07:38:35,1
2026-07-15 07:38:40,1
2026-07-15 07:38:45,1
2026-07-15 07:38:50,1
2026-07-15 07:38:55,1
2026-07-15 07:39:00,1
2026-07-15 07:39:05,1
2026-07-15 07:39:10,1
2026-07-15 07:39:15,1
2026-07-15 07:39:20,1
2026-07-15 07:39:25,1
2026-07-15 07:39:30,1
2026-07-15 07:39:35,1
2026-07-15 07:39:40,1
2026-07-15 07:39:45,1
2026-07-15 07:39:50,1
2026-07-15 07:39:55,1
2026-07-15 07:40:00,1
2026-07-15 07:40:05,1
2026-07-15 07:40:10,1
2026-07-15 07:40:15,1
2026-07-15 07:40:20,1
2026-07-15 07:40:25,1
2026-07-15 07:40:30,1
2026-07-15 07:40:35,1
2026-07-15 07:40:40,1
2026-07-15 07:40:45,1
2026-07-15 07:40:50,1
2026-07-15 07:40:55,1
2026-07-15 07:41:00,1
2026-07-15 07:41:05,1
2026-07-15 07:41:10,1
2026-07-15 07:41:15,1
2026-07-15 07:41:20,1
2026-07-15 07:41:25,1
2026-07-15 07:41:30,1
2026-07-15 07:41:35,1
2026-07-15 07:41:40,1
2026-07-15 07:41:45,1
2026-07-15 07:41:50,1
2026-07-15 07:41:55,1
2026-07-15 07:42:00,1
2026-07-15 07:42:05,2
2026-07-15 07:42:10,2
2026-07-15 07:42:15,2
2026-07-15 07:42:20,2
2026-07-15 07:42:25,2
2026-07-15 07:42:30,2
2026-07-15 07:42:35,2
2026-07-15 07:42:40,2
2026-07-15 07:42:45,2
2026-07-15 07:42:50,2
2026-07-15 07:42:55,2
2026-07-15 07:43:00,2
2026-07-15 07:43:05,2
2026-07-15 07:43:10,2
2026-07-15 07:43:15,1
2026-07-15 07:43:20,1
2026-07-15 07:43:25,1
2026-07-15 07:43:30,1
2026-07-15 07:43:35,1
2026-07-15 07:43:40,1
2026-07-15 07:43:45,1
2026-07-15 07:43:50,1
2026-07-15 07:43:55,1
2026-07-15 07:44:00,1
2026-07-15 07:44:05,1
2026-07-15 07:44:10,1
2026-07-15 07:44:15,1
2026-07-15 07:44:20,1
2026-07-15 07:44:25,1
2026-07-15 07:44:30,1
2026-07-15 07:44:35,1
2026-07-15 07:44:40,1
2026-07-15 07:44:45,1
2026-07-15 07:44:50,1
2026-07-15 07:44:55,1
2026-07-15 07:45:00,1
2026-07-15 07:45:05,1
2026-07-15 07:45:10,1
2026-07-15 07:45:15,1
2026-07-15 07:45:20,1
2026-07-15 07:45:25,1
2026-07-15 07:45:30,1
2026-07-15 07:45:35,1
2026-07-15 07:45:40,1
2026-07-15 07:45:45,1
2026-07-15 07:45:50,1
2026-07-15 07:45:55,1
2026-07-15 07:46:00,1
2026-07-15 07:46:05,1
2026-07-15 07:46:10,1
2026-07-15 07:46:15,1
2026-07-15 07:46:20,1
2026-07-15 07:46:25,1
2026-07-15 07:46:30,1
2026-07-15 07:46:35,1
2026-07-15 07:46:40,1
2026-07-15 07:46:45,1
2026-07-15 07:46:50,1
2026-07-15 07:46:55,1
2026-07-15 07:47:00,1
2026-07-15 07:51:20,1