"Time","alloy-host"
2026-07-10 12:19:00,0.304%
2026-07-10 12:20:00,0.623%
2026-07-10 12:21:00,0.814%
2026-07-10 12:22:00,1.03%
2026-07-10 12:23:00,1.15%
2026-07-10 12:24:00,1.05%
2026-07-10 12:25:00,1.05%
2026-07-10 12:26:00,1.06%
2026-07-10 12:27:00,1.06%
2026-07-10 12:28:00,1.34%
2026-07-10 12:29:00,1.34%
2026-07-10 12:30:00,1.35%
2026-07-10 12:31:00,1.31%
2026-07-10 12:32:00,1.32%
2026-07-10 12:33:00,1.03%
2026-07-10 12:34:00,1.06%
2026-07-10 12:35:00,1.04%
2026-07-10 12:36:00,1.05%
2026-07-10 12:37:00,1.00%
2026-07-10 12:38:00,1.02%
2026-07-10 12:39:00,0.963%
2026-07-10 12:40:00,0.980%
2026-07-10 12:41:00,0.956%
2026-07-10 12:42:00,0.958%
2026-07-10 12:43:00,0.960%
2026-07-10 12:44:00,0.978%
2026-07-10 12:45:00,0.931%
2026-07-10 12:46:00,0.958%
2026-07-10 12:47:00,0.915%
2026-07-10 12:48:00,0.906%
2026-07-10 12:49:00,0.867%
2026-07-10 12:50:00,0.882%
2026-07-10 12:51:00,0.867%
2026-07-10 12:52:00,0.928%
2026-07-10 12:53:00,0.925%
2026-07-10 12:54:00,0.975%
2026-07-10 12:55:00,0.959%
2026-07-10 12:56:00,0.957%
2026-07-10 12:57:00,0.942%
2026-07-10 12:58:00,1.02%
2026-07-10 12:59:00,1.01%
2026-07-10 13:00:00,1.03%
2026-07-10 13:01:00,1.01%
2026-07-10 13:02:00,0.995%
2026-07-10 13:03:00,0.942%
2026-07-10 13:04:00,0.947%
2026-07-10 13:05:00,0.908%
2026-07-10 13:06:00,0.912%
2026-07-10 13:07:00,0.862%
2026-07-10 13:08:00,0.883%
2026-07-10 13:09:00,0.846%
2026-07-10 13:10:00,0.806%
2026-07-10 13:11:00,1.02%
2026-07-10 13:12:00,1.05%
2026-07-10 13:13:00,1.00%
2026-07-10 13:14:00,1.05%
2026-07-10 13:15:00,0.873%
2026-07-10 13:16:00,0.930%
2026-07-10 13:17:00,0.772%
2026-07-10 13:18:00,0.617%
2026-07-10 13:19:00,0.409%
2026-07-10 13:20:00,0.236%