"labels","Time","Line","tsNs","labelTypes","id"
"{""detected_level"":""unknown"",""filename"":""/home/brandongregg/Portfolios/Project-Transcode-WaveMonitor/data_exports/wave_capture-01.csv"",""job"":""wave-world-monitor"",""service_name"":""wave-world-monitor""}",2026-07-13 08:30:06.429,,1783945806429398024,"{""detected_level"":""S"",""filename"":""I"",""job"":""I"",""service_name"":""I""}",1783945806429398024_7ae18f5d
"{""detected_level"":""unknown"",""filename"":""/home/brandongregg/Portfolios/Project-Transcode-WaveMonitor/data_exports/wave_capture-01.csv"",""job"":""wave-world-monitor"",""service_name"":""wave-world-monitor""}",2026-07-13 08:30:06.425,"26:79:1A:A1:D8:CE, 2026-07-13 07:09:46, 2026-07-13 07:09:46, -50,        2, (not associated) ,",1783945806425019200,"{""detected_level"":""S"",""filename"":""I"",""job"":""I"",""service_name"":""I""}",1783945806425019200_3c8d839
"{""detected_level"":""unknown"",""filename"":""/home/brandongregg/Portfolios/Project-Transcode-WaveMonitor/data_exports/wave_capture-01.csv"",""job"":""wave-world-monitor"",""service_name"":""wave-world-monitor""}",2026-07-13 08:30:06.424,"04:42:1A:42:E0:B0, 2026-07-13 07:09:33, 2026-07-13 07:09:33, -54,        2, (not associated) ,",1783945806424981210,"{""detected_level"":""S"",""filename"":""I"",""job"":""I"",""service_name"":""I""}",1783945806424981210_40f8c012
"{""detected_level"":""unknown"",""filename"":""/home/brandongregg/Portfolios/Project-Transcode-WaveMonitor/data_exports/wave_capture-01.csv"",""job"":""wave-world-monitor"",""service_name"":""wave-world-monitor""}",2026-07-13 08:30:06.424,"F0:C8:14:73:D9:B6, 2026-07-13 07:09:19, 2026-07-13 07:09:19,  -1,        1, 58:FC:20:DE:B1:00,",1783945806424943002,"{""detected_level"":""S"",""filename"":""I"",""job"":""I"",""service_name"":""I""}",1783945806424943002_ae737647
"{""detected_level"":""unknown"",""filename"":""/home/brandongregg/Portfolios/Project-Transcode-WaveMonitor/data_exports/wave_capture-01.csv"",""job"":""wave-world-monitor"",""service_name"":""wave-world-monitor""}",2026-07-13 08:30:06.424,"98:E2:55:68:35:67, 2026-07-13 07:09:13, 2026-07-13 07:09:13, -40,        3, A4:CF:D2:6F:E3:98,",1783945806424917728,"{""detected_level"":""S"",""filename"":""I"",""job"":""I"",""service_name"":""I""}",1783945806424917728_f659299f
"{""detected_level"":""unknown"",""filename"":""/home/brandongregg/Portfolios/Project-Transcode-WaveMonitor/data_exports/wave_capture-01.csv"",""job"":""wave-world-monitor"",""service_name"":""wave-world-monitor""}",2026-07-13 08:30:06.424,"F4:F5:D8:A3:C3:22, 2026-07-13 07:09:12, 2026-07-13 07:09:56, -72,        3, 04:42:1A:42:E0:B0,",1783945806424896002,"{""detected_level"":""S"",""filename"":""I"",""job"":""I"",""service_name"":""I""}",1783945806424896002_9994145e
"{""detected_level"":""unknown"",""filename"":""/home/brandongregg/Portfolios/Project-Transcode-WaveMonitor/data_exports/wave_capture-01.csv"",""job"":""wave-world-monitor"",""service_name"":""wave-world-monitor""}",2026-07-13 08:30:06.424,"D0:73:D5:76:7A:E4, 2026-07-13 07:09:01, 2026-07-13 07:09:01, -70,        1, 04:42:1A:42:E0:B0,",1783945806424877482,"{""detected_level"":""S"",""filename"":""I"",""job"":""I"",""service_name"":""I""}",1783945806424877482_bcf9929c
"{""detected_level"":""unknown"",""filename"":""/home/brandongregg/Portfolios/Project-Transcode-WaveMonitor/data_exports/wave_capture-01.csv"",""job"":""wave-world-monitor"",""service_name"":""wave-world-monitor""}",2026-07-13 08:30:06.424,"D0:73:D5:76:85:32, 2026-07-13 07:08:42, 2026-07-13 07:09:04, -68,        4, 04:42:1A:42:E0:B0,",1783945806424867114,"{""detected_level"":""S"",""filename"":""I"",""job"":""I"",""service_name"":""I""}",1783945806424867114_611864fc
"{""detected_level"":""unknown"",""filename"":""/home/brandongregg/Portfolios/Project-Transcode-WaveMonitor/data_exports/wave_capture-01.csv"",""job"":""wave-world-monitor"",""service_name"":""wave-world-monitor""}",2026-07-13 08:30:06.424,"D0:73:D5:77:08:42, 2026-07-13 07:08:42, 2026-07-13 07:09:26, -66,        4, 04:42:1A:42:E0:B0,",1783945806424860490,"{""detected_level"":""S"",""filename"":""I"",""job"":""I"",""service_name"":""I""}",1783945806424860490_d5ae976b
"{""detected_level"":""unknown"",""filename"":""/home/brandongregg/Portfolios/Project-Transcode-WaveMonitor/data_exports/wave_capture-01.csv"",""job"":""wave-world-monitor"",""service_name"":""wave-world-monitor""}",2026-07-13 08:30:06.424,"FA:99:57:75:0F:78, 2026-07-13 07:08:36, 2026-07-13 07:09:25, -46,       60, A4:CF:D2:6F:E3:98,",1783945806424359198,"{""detected_level"":""S"",""filename"":""I"",""job"":""I"",""service_name"":""I""}",1783945806424359198_b92f9b8e
"{""detected_level"":""unknown"",""filename"":""/home/brandongregg/Portfolios/Project-Transcode-WaveMonitor/data_exports/wave_capture-01.csv"",""job"":""wave-world-monitor"",""service_name"":""wave-world-monitor""}",2026-07-13 08:30:06.424,"3C:6A:9D:19:06:18, 2026-07-13 07:08:27, 2026-07-13 07:09:38, -70,        5, 04:42:1A:42:E0:B0,",1783945806424308512,"{""detected_level"":""S"",""filename"":""I"",""job"":""I"",""service_name"":""I""}",1783945806424308512_3c6d80d
"{""detected_level"":""unknown"",""filename"":""/home/brandongregg/Portfolios/Project-Transcode-WaveMonitor/data_exports/wave_capture-01.csv"",""job"":""wave-world-monitor"",""service_name"":""wave-world-monitor""}",2026-07-13 08:30:06.424,"D4:F5:47:64:BB:1C, 2026-07-13 07:08:27, 2026-07-13 07:09:34, -52,       12, 04:42:1A:42:E0:B0,Nena",1783945806424257886,"{""detected_level"":""S"",""filename"":""I"",""job"":""I"",""service_name"":""I""}",1783945806424257886_8cf8f224
"{""detected_level"":""unknown"",""filename"":""/home/brandongregg/Portfolios/Project-Transcode-WaveMonitor/data_exports/wave_capture-01.csv"",""job"":""wave-world-monitor"",""service_name"":""wave-world-monitor""}",2026-07-13 08:30:06.424,"AC:EC:85:9E:1D:72, 2026-07-13 07:08:24, 2026-07-13 07:09:49, -56,        6, AC:EC:85:9E:1D:7C,",1783945806424211458,"{""detected_level"":""S"",""filename"":""I"",""job"":""I"",""service_name"":""I""}",1783945806424211458_d70a400c
"{""detected_level"":""unknown"",""filename"":""/home/brandongregg/Portfolios/Project-Transcode-WaveMonitor/data_exports/wave_capture-01.csv"",""job"":""wave-world-monitor"",""service_name"":""wave-world-monitor""}",2026-07-13 08:30:06.424,"AC:EC:85:9D:8F:72, 2026-07-13 07:08:24, 2026-07-13 07:09:46, -46,        5, AC:EC:85:9D:8F:7C,",1783945806424171953,"{""detected_level"":""S"",""filename"":""I"",""job"":""I"",""service_name"":""I""}",1783945806424171953_cde43a0d
"{""detected_level"":""unknown"",""filename"":""/home/brandongregg/Portfolios/Project-Transcode-WaveMonitor/data_exports/wave_capture-01.csv"",""job"":""wave-world-monitor"",""service_name"":""wave-world-monitor""}",2026-07-13 08:30:06.424,"C0:36:53:0C:71:C4, 2026-07-13 07:08:24, 2026-07-13 07:09:46, -56,        5, C0:36:53:0C:71:CE,",1783945806424131966,"{""detected_level"":""S"",""filename"":""I"",""job"":""I"",""service_name"":""I""}",1783945806424131966_a374297a
"{""detected_level"":""unknown"",""filename"":""/home/brandongregg/Portfolios/Project-Transcode-WaveMonitor/data_exports/wave_capture-01.csv"",""job"":""wave-world-monitor"",""service_name"":""wave-world-monitor""}",2026-07-13 08:30:06.424,"08:3A:8D:E3:7E:2C, 2026-07-13 07:08:23, 2026-07-13 07:09:30, -66,        8, 04:42:1A:42:E0:B0,",1783945806424092951,"{""detected_level"":""S"",""filename"":""I"",""job"":""I"",""service_name"":""I""}",1783945806424092951_1305d4f
"{""detected_level"":""unknown"",""filename"":""/home/brandongregg/Portfolios/Project-Transcode-WaveMonitor/data_exports/wave_capture-01.csv"",""job"":""wave-world-monitor"",""service_name"":""wave-world-monitor""}",2026-07-13 08:30:06.424,"D0:73:D5:76:8E:D2, 2026-07-13 07:08:23, 2026-07-13 07:09:49, -64,        4, 04:42:1A:42:E0:B0,",1783945806424065373,"{""detected_level"":""S"",""filename"":""I"",""job"":""I"",""service_name"":""I""}",1783945806424065373_11267af3
"{""detected_level"":""unknown"",""filename"":""/home/brandongregg/Portfolios/Project-Transcode-WaveMonitor/data_exports/wave_capture-01.csv"",""job"":""wave-world-monitor"",""service_name"":""wave-world-monitor""}",2026-07-13 08:30:06.424,"D0:73:D5:77:0C:83, 2026-07-13 07:08:23, 2026-07-13 07:09:52, -66,        3, 04:42:1A:42:E0:B0,",1783945806424044133,"{""detected_level"":""S"",""filename"":""I"",""job"":""I"",""service_name"":""I""}",1783945806424044133_4f063b20
"{""detected_level"":""unknown"",""filename"":""/home/brandongregg/Portfolios/Project-Transcode-WaveMonitor/data_exports/wave_capture-01.csv"",""job"":""wave-world-monitor"",""service_name"":""wave-world-monitor""}",2026-07-13 08:30:06.424,"D0:73:D5:76:79:16, 2026-07-13 07:08:23, 2026-07-13 07:09:52, -70,        5, 04:42:1A:42:E0:B0,",1783945806424024944,"{""detected_level"":""S"",""filename"":""I"",""job"":""I"",""service_name"":""I""}",1783945806424024944_22bf936d
"{""detected_level"":""unknown"",""filename"":""/home/brandongregg/Portfolios/Project-Transcode-WaveMonitor/data_exports/wave_capture-01.csv"",""job"":""wave-world-monitor"",""service_name"":""wave-world-monitor""}",2026-07-13 08:30:06.424,"D0:73:D5:76:8E:E1, 2026-07-13 07:08:23, 2026-07-13 07:09:27, -64,        3, 04:42:1A:42:E0:B0,",1783945806424014293,"{""detected_level"":""S"",""filename"":""I"",""job"":""I"",""service_name"":""I""}",1783945806424014293_1feea644
"{""detected_level"":""unknown"",""filename"":""/home/brandongregg/Portfolios/Project-Transcode-WaveMonitor/data_exports/wave_capture-01.csv"",""job"":""wave-world-monitor"",""service_name"":""wave-world-monitor""}",2026-07-13 08:30:06.424,"08:84:9D:D0:EF:63, 2026-07-13 07:08:23, 2026-07-13 07:09:48, -60,        4, 04:42:1A:42:E0:B0,",1783945806424008995,"{""detected_level"":""S"",""filename"":""I"",""job"":""I"",""service_name"":""I""}",1783945806424008995_d950d664
"{""detected_level"":""unknown"",""filename"":""/home/brandongregg/Portfolios/Project-Transcode-WaveMonitor/data_exports/wave_capture-01.csv"",""job"":""wave-world-monitor"",""service_name"":""wave-world-monitor""}",2026-07-13 08:30:06.423,"3C:6A:9D:16:AE:DF, 2026-07-13 07:08:23, 2026-07-13 07:09:38, -70,        5, 04:42:1A:42:E0:B0,",1783945806423640903,"{""detected_level"":""S"",""filename"":""I"",""job"":""I"",""service_name"":""I""}",1783945806423640903_16df1ac7
"{""detected_level"":""unknown"",""filename"":""/home/brandongregg/Portfolios/Project-Transcode-WaveMonitor/data_exports/wave_capture-01.csv"",""job"":""wave-world-monitor"",""service_name"":""wave-world-monitor""}",2026-07-13 08:30:06.423,"Station MAC, First time seen, Last time seen, Power, # packets, BSSID, Probed ESSIDs",1783945806423588464,"{""detected_level"":""S"",""filename"":""I"",""job"":""I"",""service_name"":""I""}",1783945806423588464_f6b5c74d
"{""detected_level"":""unknown"",""filename"":""/home/brandongregg/Portfolios/Project-Transcode-WaveMonitor/data_exports/wave_capture-01.csv"",""job"":""wave-world-monitor"",""service_name"":""wave-world-monitor""}",2026-07-13 08:30:06.423,,1783945806423541085,"{""detected_level"":""S"",""filename"":""I"",""job"":""I"",""service_name"":""I""}",1783945806423541085_7ae18f5d
"{""detected_level"":""unknown"",""filename"":""/home/brandongregg/Portfolios/Project-Transcode-WaveMonitor/data_exports/wave_capture-01.csv"",""job"":""wave-world-monitor"",""service_name"":""wave-world-monitor""}",2026-07-13 08:30:06.423,"38:94:ED:60:AD:8A, 2026-07-13 07:09:34, 2026-07-13 07:09:34, 10,  -1, , ,   ,  -1,        0,        0,   0.  0.  0.  0,   0, , ",1783945806423494244,"{""detected_level"":""S"",""filename"":""I"",""job"":""I"",""service_name"":""I""}",1783945806423494244_cd54d1c3
"{""detected_level"":""unknown"",""filename"":""/home/brandongregg/Portfolios/Project-Transcode-WaveMonitor/data_exports/wave_capture-01.csv"",""job"":""wave-world-monitor"",""service_name"":""wave-world-monitor""}",2026-07-13 08:30:06.423,"1C:BF:CE:48:D4:F9, 2026-07-13 07:09:16, 2026-07-13 07:09:49,  6,  54, WPA2 WPA, CCMP TKIP, PSK, -76,        2,        0,   0.  0.  0.  0,   6, Galweb, ",1783945806423449543,"{""detected_level"":""S"",""filename"":""I"",""job"":""I"",""service_name"":""I""}",1783945806423449543_345ea844
"{""detected_level"":""unknown"",""filename"":""/home/brandongregg/Portfolios/Project-Transcode-WaveMonitor/data_exports/wave_capture-01.csv"",""job"":""wave-world-monitor"",""service_name"":""wave-world-monitor""}",2026-07-13 08:30:06.423,"CE:B1:48:02:FD:F9, 2026-07-13 07:08:56, 2026-07-13 07:09:55,  4, 260, WPA3 WPA2, CCMP, SAE PSK, -67,        7,        0,   0.  0.  0.  0,   0, , ",1783945806423410728,"{""detected_level"":""S"",""filename"":""I"",""job"":""I"",""service_name"":""I""}",1783945806423410728_53443e9
"{""detected_level"":""unknown"",""filename"":""/home/brandongregg/Portfolios/Project-Transcode-WaveMonitor/data_exports/wave_capture-01.csv"",""job"":""wave-world-monitor"",""service_name"":""wave-world-monitor""}",2026-07-13 08:30:06.423,"AC:91:9B:B1:60:38, 2026-07-13 07:08:43, 2026-07-13 07:09:39,  1, 260, WPA2, CCMP, PSK, -72,        4,        0,   0.  0.  0.  0,  14, Verizon_3WY6YD, ",1783945806423369273,"{""detected_level"":""S"",""filename"":""I"",""job"":""I"",""service_name"":""I""}",1783945806423369273_27463a0d
"{""detected_level"":""unknown"",""filename"":""/home/brandongregg/Portfolios/Project-Transcode-WaveMonitor/data_exports/wave_capture-01.csv"",""job"":""wave-world-monitor"",""service_name"":""wave-world-monitor""}",2026-07-13 08:30:06.423,"0C:B9:37:B5:17:D2, 2026-07-13 07:08:38, 2026-07-13 07:09:12, 11, 260, WPA2, CCMP, PSK, -73,        3,        0,   0.  0.  0.  0,  15, MyAltice b517cf, ",1783945806423318057,"{""detected_level"":""S"",""filename"":""I"",""job"":""I"",""service_name"":""I""}",1783945806423318057_29bf91c6
"{""detected_level"":""unknown"",""filename"":""/home/brandongregg/Portfolios/Project-Transcode-WaveMonitor/data_exports/wave_capture-01.csv"",""job"":""wave-world-monitor"",""service_name"":""wave-world-monitor""}",2026-07-13 08:30:06.423,"94:4E:5B:79:C1:11, 2026-07-13 07:08:36, 2026-07-13 07:09:35,  1, 130, WPA2, CCMP, PSK, -70,        4,        0,   0.  0.  0.  0,  16, MyOptimum 79c110, ",1783945806423297586,"{""detected_level"":""S"",""filename"":""I"",""job"":""I"",""service_name"":""I""}",1783945806423297586_6ef25571
"{""detected_level"":""unknown"",""filename"":""/home/brandongregg/Portfolios/Project-Transcode-WaveMonitor/data_exports/wave_capture-01.csv"",""job"":""wave-world-monitor"",""service_name"":""wave-world-monitor""}",2026-07-13 08:30:06.423,"CE:B1:48:22:FD:F9, 2026-07-13 07:08:34, 2026-07-13 07:09:52,  4, 260, WPA3 WPA2, CCMP, SAE PSK, -68,       15,        0,   0.  0.  0.  0,   8, ismael24, ",1783945806423277887,"{""detected_level"":""S"",""filename"":""I"",""job"":""I"",""service_name"":""I""}",1783945806423277887_66d2761d
"{""detected_level"":""unknown"",""filename"":""/home/brandongregg/Portfolios/Project-Transcode-WaveMonitor/data_exports/wave_capture-01.csv"",""job"":""wave-world-monitor"",""service_name"":""wave-world-monitor""}",2026-07-13 08:30:06.423,"5C:7B:5C:C9:53:50, 2026-07-13 07:08:32, 2026-07-13 07:09:53,  1, 130, WPA2, CCMP, PSK, -73,        7,        1,   0.  0.  0.  0,  16, MyOptimum c9534f, ",1783945806423266998,"{""detected_level"":""S"",""filename"":""I"",""job"":""I"",""service_name"":""I""}",1783945806423266998_b30c9e06
"{""detected_level"":""unknown"",""filename"":""/home/brandongregg/Portfolios/Project-Transcode-WaveMonitor/data_exports/wave_capture-01.csv"",""job"":""wave-world-monitor"",""service_name"":""wave-world-monitor""}",2026-07-13 08:30:06.423,"24:41:FE:D8:2A:B7, 2026-07-13 07:08:32, 2026-07-13 07:09:42,  1, 720, WPA2, CCMP, PSK, -74,        3,        0,   0.  0.  0.  0,  14, Verizon_SJW4J7, ",1783945806423261506,"{""detected_level"":""S"",""filename"":""I"",""job"":""I"",""service_name"":""I""}",1783945806423261506_bc02a9cd
"{""detected_level"":""unknown"",""filename"":""/home/brandongregg/Portfolios/Project-Transcode-WaveMonitor/data_exports/wave_capture-01.csv"",""job"":""wave-world-monitor"",""service_name"":""wave-world-monitor""}",2026-07-13 08:30:06.422,"CC:B1:48:12:FD:F9, 2026-07-13 07:08:30, 2026-07-13 07:09:55,  4, 260, WPA3 WPA2, CCMP, SAE PSK, -66,        9,        0,   0.  0.  0.  0,  12, TMOBILE-4B42, ",1783945806422889848,"{""detected_level"":""S"",""filename"":""I"",""job"":""I"",""service_name"":""I""}",1783945806422889848_3da9a2a5
"{""detected_level"":""unknown"",""filename"":""/home/brandongregg/Portfolios/Project-Transcode-WaveMonitor/data_exports/wave_capture-01.csv"",""job"":""wave-world-monitor"",""service_name"":""wave-world-monitor""}",2026-07-13 08:30:06.422,"AC:EC:85:9D:8F:74, 2026-07-13 07:08:24, 2026-07-13 07:09:57,  6, 360, WPA2, CCMP, PSK, -43,       54,        0,   0.  0.  0.  0,   5, Faith, ",1783945806422837831,"{""detected_level"":""S"",""filename"":""I"",""job"":""I"",""service_name"":""I""}",1783945806422837831_b01edc09
"{""detected_level"":""unknown"",""filename"":""/home/brandongregg/Portfolios/Project-Transcode-WaveMonitor/data_exports/wave_capture-01.csv"",""job"":""wave-world-monitor"",""service_name"":""wave-world-monitor""}",2026-07-13 08:30:06.422,"AC:EC:85:9D:8F:76, 2026-07-13 07:08:24, 2026-07-13 07:09:57,  6, 360, OPN, ,   , -45,       53,        0,   0.  0.  0.  0,   0, , ",1783945806422785110,"{""detected_level"":""S"",""filename"":""I"",""job"":""I"",""service_name"":""I""}",1783945806422785110_b8a8869d
"{""detected_level"":""unknown"",""filename"":""/home/brandongregg/Portfolios/Project-Transcode-WaveMonitor/data_exports/wave_capture-01.csv"",""job"":""wave-world-monitor"",""service_name"":""wave-world-monitor""}",2026-07-13 08:30:06.422,"AC:EC:85:9D:8F:72, 2026-07-13 07:08:24, 2026-07-13 07:09:57,  6, 360, WPA3 WPA2, CCMP, SAE, -44,       48,        0,   0.  0.  0.  0,   0, , ",1783945806422740626,"{""detected_level"":""S"",""filename"":""I"",""job"":""I"",""service_name"":""I""}",1783945806422740626_58870356
"{""detected_level"":""unknown"",""filename"":""/home/brandongregg/Portfolios/Project-Transcode-WaveMonitor/data_exports/wave_capture-01.csv"",""job"":""wave-world-monitor"",""service_name"":""wave-world-monitor""}",2026-07-13 08:30:06.422,"C0:36:53:0C:71:C6, 2026-07-13 07:08:24, 2026-07-13 07:09:57,  6, 360, WPA2, CCMP, PSK, -52,       28,        0,   0.  0.  0.  0,   5, Faith, ",1783945806422700400,"{""detected_level"":""S"",""filename"":""I"",""job"":""I"",""service_name"":""I""}",1783945806422700400_fc74cbd7
"{""detected_level"":""unknown"",""filename"":""/home/brandongregg/Portfolios/Project-Transcode-WaveMonitor/data_exports/wave_capture-01.csv"",""job"":""wave-world-monitor"",""service_name"":""wave-world-monitor""}",2026-07-13 08:30:06.422,"C0:36:53:0C:71:C8, 2026-07-13 07:08:24, 2026-07-13 07:09:57,  6, 360, OPN, ,   , -52,       31,        0,   0.  0.  0.  0,   0, , ",1783945806422655480,"{""detected_level"":""S"",""filename"":""I"",""job"":""I"",""service_name"":""I""}",1783945806422655480_d20998c
"{""detected_level"":""unknown"",""filename"":""/home/brandongregg/Portfolios/Project-Transcode-WaveMonitor/data_exports/wave_capture-01.csv"",""job"":""wave-world-monitor"",""service_name"":""wave-world-monitor""}",2026-07-13 08:30:06.422,"C0:36:53:0C:71:C4, 2026-07-13 07:08:24, 2026-07-13 07:09:57,  6, 360, WPA3 WPA2, CCMP, SAE, -57,       33,        0,   0.  0.  0.  0,   0, , ",1783945806422611954,"{""detected_level"":""S"",""filename"":""I"",""job"":""I"",""service_name"":""I""}",1783945806422611954_70b6828f
"{""detected_level"":""unknown"",""filename"":""/home/brandongregg/Portfolios/Project-Transcode-WaveMonitor/data_exports/wave_capture-01.csv"",""job"":""wave-world-monitor"",""service_name"":""wave-world-monitor""}",2026-07-13 08:30:06.422,"AC:EC:85:9E:1D:74, 2026-07-13 07:08:24, 2026-07-13 07:09:57,  6, 360, WPA2, CCMP, PSK, -57,       24,        0,   0.  0.  0.  0,   5, Faith, ",1783945806422586425,"{""detected_level"":""S"",""filename"":""I"",""job"":""I"",""service_name"":""I""}",1783945806422586425_d1da36d
"{""detected_level"":""unknown"",""filename"":""/home/brandongregg/Portfolios/Project-Transcode-WaveMonitor/data_exports/wave_capture-01.csv"",""job"":""wave-world-monitor"",""service_name"":""wave-world-monitor""}",2026-07-13 08:30:06.422,"AC:EC:85:9E:1D:76, 2026-07-13 07:08:24, 2026-07-13 07:09:57,  6, 360, OPN, ,   , -52,       25,        0,   0.  0.  0.  0,   0, , ",1783945806422565532,"{""detected_level"":""S"",""filename"":""I"",""job"":""I"",""service_name"":""I""}",1783945806422565532_39976cfc
"{""detected_level"":""unknown"",""filename"":""/home/brandongregg/Portfolios/Project-Transcode-WaveMonitor/data_exports/wave_capture-01.csv"",""job"":""wave-world-monitor"",""service_name"":""wave-world-monitor""}",2026-07-13 08:30:06.422,"AC:EC:85:9E:1D:72, 2026-07-13 07:08:24, 2026-07-13 07:09:57,  6, 360, WPA3 WPA2, CCMP, SAE, -59,       23,        0,   0.  0.  0.  0,   0, , ",1783945806422546240,"{""detected_level"":""S"",""filename"":""I"",""job"":""I"",""service_name"":""I""}",1783945806422546240_2ad9cfc7
"{""detected_level"":""unknown"",""filename"":""/home/brandongregg/Portfolios/Project-Transcode-WaveMonitor/data_exports/wave_capture-01.csv"",""job"":""wave-world-monitor"",""service_name"":""wave-world-monitor""}",2026-07-13 08:30:06.422,"AC:EC:85:9E:1D:7C, 2026-07-13 07:08:24, 2026-07-13 07:09:49, -1,  -1, , ,   ,  -1,        0,        0,   0.  0.  0.  0,   0, , ",1783945806422535338,"{""detected_level"":""S"",""filename"":""I"",""job"":""I"",""service_name"":""I""}",1783945806422535338_da9ae24b
"{""detected_level"":""unknown"",""filename"":""/home/brandongregg/Portfolios/Project-Transcode-WaveMonitor/data_exports/wave_capture-01.csv"",""job"":""wave-world-monitor"",""service_name"":""wave-world-monitor""}",2026-07-13 08:30:06.422,"AC:EC:85:9D:8F:7C, 2026-07-13 07:08:24, 2026-07-13 07:09:46, -1,  -1, , ,   ,  -1,        0,        0,   0.  0.  0.  0,   0, , ",1783945806422529670,"{""detected_level"":""S"",""filename"":""I"",""job"":""I"",""service_name"":""I""}",1783945806422529670_a6c1c816
"{""detected_level"":""unknown"",""filename"":""/home/brandongregg/Portfolios/Project-Transcode-WaveMonitor/data_exports/wave_capture-01.csv"",""job"":""wave-world-monitor"",""service_name"":""wave-world-monitor""}",2026-07-13 08:30:06.422,"C0:36:53:0C:71:CE, 2026-07-13 07:08:24, 2026-07-13 07:09:46, -1,  -1, , ,   ,  -1,        0,        0,   0.  0.  0.  0,   0, , ",1783945806422033548,"{""detected_level"":""S"",""filename"":""I"",""job"":""I"",""service_name"":""I""}",1783945806422033548_97bd2131
"{""detected_level"":""unknown"",""filename"":""/home/brandongregg/Portfolios/Project-Transcode-WaveMonitor/data_exports/wave_capture-01.csv"",""job"":""wave-world-monitor"",""service_name"":""wave-world-monitor""}",2026-07-13 08:30:06.421,"B0:B3:69:89:FC:D0, 2026-07-13 07:08:24, 2026-07-13 07:09:56, 11, 130, WPA2, CCMP, PSK, -65,       29,        3,   0.  0.  0.  0,  16, MyOptimum 89fccf, ",1783945806421962391,"{""detected_level"":""S"",""filename"":""I"",""job"":""I"",""service_name"":""I""}",1783945806421962391_607287cb
"{""detected_level"":""unknown"",""filename"":""/home/brandongregg/Portfolios/Project-Transcode-WaveMonitor/data_exports/wave_capture-01.csv"",""job"":""wave-world-monitor"",""service_name"":""wave-world-monitor""}",2026-07-13 08:30:06.421,"A4:CF:D2:3D:84:0C, 2026-07-13 07:08:23, 2026-07-13 07:09:56, 11, 260, WPA2, CCMP, PSK, -57,       31,        6,   0.  0.  0.  0,  15, NEWYORK NEWYORK, ",1783945806421883074,"{""detected_level"":""S"",""filename"":""I"",""job"":""I"",""service_name"":""I""}",1783945806421883074_f34acdac
"{""detected_level"":""unknown"",""filename"":""/home/brandongregg/Portfolios/Project-Transcode-WaveMonitor/data_exports/wave_capture-01.csv"",""job"":""wave-world-monitor"",""service_name"":""wave-world-monitor""}",2026-07-13 08:30:06.421,"58:FC:20:0C:86:40, 2026-07-13 07:08:23, 2026-07-13 07:09:56, 11, 260, WPA2, CCMP, PSK, -73,       10,        0,   0.  0.  0.  0,  15, MyAltice 0C863F, ",1783945806421817830,"{""detected_level"":""S"",""filename"":""I"",""job"":""I"",""service_name"":""I""}",1783945806421817830_9185f666
"{""detected_level"":""unknown"",""filename"":""/home/brandongregg/Portfolios/Project-Transcode-WaveMonitor/data_exports/wave_capture-01.csv"",""job"":""wave-world-monitor"",""service_name"":""wave-world-monitor""}",2026-07-13 08:30:06.421,"1C:BF:C0:FA:20:49, 2026-07-13 07:08:23, 2026-07-13 07:09:53, 11, 195, WPA2, CCMP, PSK, -71,       14,        3,   0.  0.  0.  0,  15, MyAltice fa2046, ",1783945806421739016,"{""detected_level"":""S"",""filename"":""I"",""job"":""I"",""service_name"":""I""}",1783945806421739016_e1d92b74
"{""detected_level"":""unknown"",""filename"":""/home/brandongregg/Portfolios/Project-Transcode-WaveMonitor/data_exports/wave_capture-01.csv"",""job"":""wave-world-monitor"",""service_name"":""wave-world-monitor""}",2026-07-13 08:30:06.421,"CC:19:A8:E5:93:50, 2026-07-13 07:08:23, 2026-07-13 07:09:56, 11, 260, WPA2, CCMP, PSK, -63,       28,        1,   0.  0.  0.  0,  15, MyAltice E5934F, ",1783945806421660868,"{""detected_level"":""S"",""filename"":""I"",""job"":""I"",""service_name"":""I""}",1783945806421660868_bffdac16
"{""detected_level"":""unknown"",""filename"":""/home/brandongregg/Portfolios/Project-Transcode-WaveMonitor/data_exports/wave_capture-01.csv"",""job"":""wave-world-monitor"",""service_name"":""wave-world-monitor""}",2026-07-13 08:30:06.421,"58:FC:20:DE:B1:00, 2026-07-13 07:08:23, 2026-07-13 07:09:56, 11, 260, WPA2, CCMP, PSK, -47,       54,        2,   0.  0.  0.  0,  15, MyAltice DEB0FF, ",1783945806421586397,"{""detected_level"":""S"",""filename"":""I"",""job"":""I"",""service_name"":""I""}",1783945806421586397_4b01f5a3
"{""detected_level"":""unknown"",""filename"":""/home/brandongregg/Portfolios/Project-Transcode-WaveMonitor/data_exports/wave_capture-01.csv"",""job"":""wave-world-monitor"",""service_name"":""wave-world-monitor""}",2026-07-13 08:30:06.421,"1E:BF:C0:FA:21:4A, 2026-07-13 07:08:23, 2026-07-13 07:09:53, 11, 195, WPA2, CCMP, PSK, -71,        9,        1,   0.  0.  0.  0,  21, MyAltice fa2046_guest, ",1783945806421527291,"{""detected_level"":""S"",""filename"":""I"",""job"":""I"",""service_name"":""I""}",1783945806421527291_2cd3a26f
"{""detected_level"":""unknown"",""filename"":""/home/brandongregg/Portfolios/Project-Transcode-WaveMonitor/data_exports/wave_capture-01.csv"",""job"":""wave-world-monitor"",""service_name"":""wave-world-monitor""}",2026-07-13 08:30:06.421,"04:42:1A:42:E0:B0, 2026-07-13 07:08:23, 2026-07-13 07:09:56,  5, 720, WPA3 WPA2, CCMP, SAE PSK, -52,       19,       14,   0.  0.  0.  0,   4, Nena, ",1783945806421453335,"{""detected_level"":""S"",""filename"":""I"",""job"":""I"",""service_name"":""I""}",1783945806421453335_33defeb7
"{""detected_level"":""unknown"",""filename"":""/home/brandongregg/Portfolios/Project-Transcode-WaveMonitor/data_exports/wave_capture-01.csv"",""job"":""wave-world-monitor"",""service_name"":""wave-world-monitor""}",2026-07-13 08:30:06.421,"A4:CF:D2:6F:E3:98, 2026-07-13 07:08:21, 2026-07-13 07:09:53,  1, 260, WPA2, CCMP, PSK, -47,       50,       82,   0.  0.  0.  0,  15, MyAltice 6fe395, ",1783945806421392385,"{""detected_level"":""S"",""filename"":""I"",""job"":""I"",""service_name"":""I""}",1783945806421392385_67900b7f
"{""detected_level"":""unknown"",""filename"":""/home/brandongregg/Portfolios/Project-Transcode-WaveMonitor/data_exports/wave_capture-01.csv"",""job"":""wave-world-monitor"",""service_name"":""wave-world-monitor""}",2026-07-13 08:30:06.421,"BSSID, First time seen, Last time seen, channel, Speed, Privacy, Cipher, Authentication, Power, # beacons, # IV, LAN IP, ID-length, ESSID, Key",1783945806421289871,"{""detected_level"":""S"",""filename"":""I"",""job"":""I"",""service_name"":""I""}",1783945806421289871_786a6731
"{""detected_level"":""unknown"",""filename"":""/home/brandongregg/Portfolios/Project-Transcode-WaveMonitor/data_exports/wave_capture-01.csv"",""job"":""wave-world-monitor"",""service_name"":""wave-world-monitor""}",2026-07-13 08:30:06.421,,1783945806421214153,"{""detected_level"":""S"",""filename"":""I"",""job"":""I"",""service_name"":""I""}",1783945806421214153_7ae18f5d