"Time","{}"
2026-07-13 08:30:10,57
2026-07-13 08:30:15,57
2026-07-13 08:30:20,57
2026-07-13 08:30:25,57
2026-07-13 08:30:30,57
2026-07-13 08:30:35,57
2026-07-13 08:30:40,57
2026-07-13 08:30:45,57
2026-07-13 08:30:50,57
2026-07-13 08:30:55,57
2026-07-13 08:31:00,57
2026-07-13 08:31:05,57
2026-07-13 08:31:10,57
2026-07-13 08:31:15,57
2026-07-13 08:31:20,57
2026-07-13 08:31:25,57
2026-07-13 08:31:30,57
2026-07-13 08:31:35,57
2026-07-13 08:31:40,57
2026-07-13 08:31:45,57
2026-07-13 08:31:50,57
2026-07-13 08:31:55,57
2026-07-13 08:32:00,57
2026-07-13 08:32:05,57
2026-07-13 08:32:10,57
2026-07-13 08:32:15,57
2026-07-13 08:32:20,57
2026-07-13 08:32:25,57
2026-07-13 08:32:30,57
2026-07-13 08:32:35,57
2026-07-13 08:32:40,57
2026-07-13 08:32:45,57
2026-07-13 08:32:50,57
2026-07-13 08:32:55,57
2026-07-13 08:33:00,57
2026-07-13 08:33:05,57
2026-07-13 08:33:10,57
2026-07-13 08:33:15,57
2026-07-13 08:33:20,57
2026-07-13 08:33:25,57
2026-07-13 08:33:30,57
2026-07-13 08:33:35,57
2026-07-13 08:33:40,57
2026-07-13 08:33:45,57
2026-07-13 08:33:50,57
2026-07-13 08:33:55,57
2026-07-13 08:34:00,57
2026-07-13 08:34:05,57
2026-07-13 08:34:10,57
2026-07-13 08:34:15,57
2026-07-13 08:34:20,57
2026-07-13 08:34:25,57
2026-07-13 08:34:30,57
2026-07-13 08:34:35,57
2026-07-13 08:34:40,57
2026-07-13 08:34:45,57
2026-07-13 08:34:50,57
2026-07-13 08:34:55,57
2026-07-13 08:35:00,57
2026-07-13 08:35:05,57